month,ADM3_EN,LST_day_mean,no2_mean,no2_lag1,no2_neighbor_lag1,NTL_mean,pop_sum_m,road_len,poi_count,lu_industrial_area,lu_commercial_area,lu_residential_area,lu_retail_area,lu_farmland_area,lu_farmyard_area,road_primary_len,road_motorway_len,road_trunk_len,road_secondary_len,road_tertiary_len,road_residential_len
2023-01,Addis Ketema,27.608789997998237,0.0014865063930139526,0.0014988950759431954,0.0014951632229980678,389.4032861853159,280921.71484375,413244.76971781626,6.0,215850.9702058304,265450.8900814801,10882491.456047973,82401.44393116132,0.0,0.0,21095.167212089207,0.0,6407.418335811565,36722.49625661942,9150.718490781326,306043.3825076155
2023-01,Akaki Kality,30.089888211375158,0.007017671596224614,0.007017295360569808,0.007027149207477152,1329.9428264305502,577954.2465810776,1458805.890458251,2.0,5526607.582092061,365328.0545006475,27209144.290578924,40003.522123153525,1773640.419496487,258835.6863758007,54297.55343784546,1750.3353404954569,55487.577655745874,26543.91274598913,83102.65505169929,830728.46839836
2023-01,Arada,28.778815667180822,0.0005727991826165073,0.000579314464826167,0.0005763832054259682,252.6867958294448,129547.9833984375,154371.31172405052,6.0,0.0,76650.35488586953,4659425.09783472,1932.0280105111356,0.0,0.0,25369.9562524495,0.0,0.0,19406.190678522504,8199.53802469422,79045.1466208676
2023-01,Bole,29.323099422699617,0.004171409117747489,0.004177153339466417,0.00417987510612166,2080.7980345340184,591126.6415710449,1126020.3433838214,24.0,896769.3893058358,580416.1541855597,18416451.08505943,10436.188026384647,4883618.38494601,648225.8212969821,101191.315213993,0.0,30499.410243706596,39549.62310854257,27027.424214939256,705045.2746982997
2023-01,Gulele,23.268502890008175,0.0018160057511263257,0.0018394823442403948,0.0018595149253652743,331.9538187922703,191815.6131362915,343757.35125622124,2.0,247.700025933823,22002.799475087588,7845656.90704623,16931.554441194912,0.0,7270.071742202093,13710.881867102697,0.0,13293.462951652262,20308.566843555647,8066.165702901882,192535.3826680482
2023-01,Kirkos,29.12987446007049,0.0012444962934292589,0.001254321505410394,0.0012520426243327891,1008.4548939735658,246195.3955078125,407445.71887208143,27.0,406792.8336762707,390906.811451437,8308279.97318338,0.0,65818.11835366307,0.0,82489.43161484491,0.0,0.0,21759.51109966339,28967.210286565973,173520.87515752186
2023-01,Kolfe Keraniyo,27.889462661618136,0.003942090832363936,0.003938120131914218,0.003934904315785343,1274.4865278368782,588912.7861328125,999778.8262524343,10.0,291846.42793674866,0.0,33497229.618138816,0.0,72822.25008760257,3254.004578879517,59088.20826516709,0.0,28389.786506119886,1999.0475906724823,21921.792401634888,802951.0311531086
2023-01,Lemi Kura,28.20714775838168,0.004267424974567323,0.004268386359136064,0.004281084594039584,1139.964539721161,477004.73025512695,1077463.223131778,4.0,1712173.9962421947,0.0,33145748.589403372,0.0,1762514.6735988294,50492.57284487099,59290.56198237499,0.0,20492.203628489955,28991.1462658884,30113.67819436336,823739.0228125532
2023-01,Lideta,29.17720929624048,0.0008076265771846505,0.0008149908100858064,0.0008158142318475803,538.2055605748221,149520.572265625,238256.11138927197,21.0,127401.41171582477,490441.68090575916,5697785.465824234,641539.5422013433,3.270979477047901,0.0,45984.5164421835,0.0,0.0,13274.699443375684,8543.116371212236,143381.56823950287
2023-01,Nifas Silk Lafto,29.14321162047081,0.003448221723762315,0.00343554722444581,0.0034413477589136997,1206.8299998925152,546690.8269042969,1020947.5290218766,8.0,814229.8479719026,0.0,29793604.541209195,10718.522802027,630510.8660664688,0.0,63965.89918432797,0.0,29480.131225656678,6031.665235660577,48983.06371372432,730069.9503519727
2023-01,Yeka,25.43066718651901,0.003145877442766778,0.0031631884843120275,0.0031675361978997824,655.618775208731,411173.4640197754,629507.8244182687,8.0,6820.175402169005,22872.035526742056,19262047.908034045,0.0,39209.08000849748,120688.57037222979,32713.710225186594,0.0,0.0,51329.66061620474,19115.57412660214,406901.78687040746
2023-02,Addis Ketema,31.595349829623636,0.001520918971377417,0.0015139737442674795,0.0015100968915838751,376.9904092578661,280921.71484375,413244.76971781626,6.0,215850.9702058304,265450.8900814801,10882491.456047973,82401.44393116132,0.0,0.0,21095.167212089207,0.0,6407.418335811565,36722.49625661942,9150.718490781326,306043.3825076155
2023-02,Akaki Kality,33.48319840704164,0.006828124430652133,0.006895373057927973,0.006911346312463825,1266.1615912358366,577954.2465810776,1458805.890458251,2.0,5526607.582092062,365328.0545006475,27209144.290578924,40003.52212315352,1773640.4194964871,258835.68637580072,54297.55343784546,1750.3353404954566,55487.577655745874,26543.91274598913,83102.65505169929,830728.46839836
2023-02,Arada,32.89538571462299,0.0006065098925682579,0.0006019170987730729,0.0005984030624712505,236.2380532707487,129547.9833984375,154371.31172405052,6.0,0.0,76650.35488586953,4659425.09783472,1932.0280105111356,0.0,0.0,25369.9562524495,0.0,0.0,19406.190678522507,8199.53802469422,79045.1466208676
2023-02,Bole,33.03552557680761,0.004317528317551764,0.004328624563008641,0.0043258737801864944,1994.1634630487551,591126.6415710449,1126020.3433838214,24.0,896769.3893058358,580416.1541855597,18416451.08505943,10436.188026384647,4883618.38494601,648225.8212969821,101191.315213993,0.0,30499.410243706596,39549.62310854257,27027.424214939256,705045.2746982997
2023-02,Gulele,26.70898921724731,0.0018667061208943096,0.0018572280134539797,0.0018864346557888171,332.39898699821373,191815.6131362915,343757.35125622124,2.0,247.700025933823,22002.799475087588,7845656.90704623,16931.554441194912,0.0,7270.071742202093,13710.881867102697,0.0,13293.462951652262,20308.566843555647,8066.165702901882,192535.3826680482
2023-02,Kirkos,33.09458016484844,0.0013390262707792938,0.0013392460085150004,0.0013336358210503938,937.5793050357273,246195.3955078125,407445.71887208143,27.0,406792.8336762707,390906.811451437,8308279.97318338,0.0,65818.11835366307,0.0,82489.43161484493,0.0,0.0,21759.51109966339,28967.210286565973,173520.87515752186
2023-02,Kolfe Keraniyo,32.194829261575656,0.0038659700400937667,0.0039013777149055854,0.0038992916983683107,1213.497002476028,588912.7861328125,999778.8262524343,10.0,291846.42793674866,0.0,33497229.618138816,0.0,72822.25008760256,3254.004578879517,59088.208265167086,0.0,28389.786506119886,1999.0475906724823,21921.792401634888,802951.0311531086
2023-02,Lemi Kura,32.32774497384566,0.004125054348746631,0.00415881729030382,0.0041817112495728575,1059.6364678665996,477004.73025512695,1077463.223131778,4.0,1712173.9962421947,0.0,33145748.589403372,0.0,1762514.6735988294,50492.57284487099,59290.56198237499,0.0,20492.203628489955,28991.1462658884,30113.67819436336,823739.0228125532
2023-02,Lideta,33.29199879418349,0.0008603031644561366,0.0008563751550154181,0.0008550722083135727,499.5629451293794,149520.572265625,238256.11138927197,21.0,127401.41171582478,490441.68090575916,5697785.465824234,641539.5422013433,3.270979477047901,0.0,45984.5164421835,0.0,0.0,13274.699443375684,8543.116371212236,143381.56823950287
2023-02,Nifas Silk Lafto,32.992813574718554,0.0034503887638127483,0.0035031632217292523,0.003514484061775258,1136.7913014088417,546690.8269042969,1020947.5290218766,8.0,814229.8479719026,0.0,29793604.541209195,10718.522802027,630510.8660664688,0.0,63965.89918432797,0.0,29480.131225656678,6031.665235660577,48983.06371372432,730069.9503519727
2023-02,Yeka,29.537046602941558,0.0032922080823972913,0.0032845971558367916,0.003291910547048511,672.58834723072,411173.4640197754,629507.8244182687,8.0,6820.175402169005,22872.035526742053,19262047.908034045,0.0,39209.08000849748,120688.57037222979,32713.710225186598,0.0,0.0,51329.66061620474,19115.57412660214,406901.78687040746
2023-03,Addis Ketema,23.494252668238573,0.001369231320355036,0.001382248123454301,0.0013751910805365572,273.79043758766994,280921.71484375,413244.76971781626,6.0,215850.9702058304,265450.8900814801,10882491.456047973,82401.44393116132,0.0,0.0,21095.167212089207,0.0,6407.418335811565,36722.49625661942,9150.718490781326,306043.3825076155
2023-03,Akaki Kality,25.06632573766975,0.007185601259641909,0.007139490530640848,0.007140380441585263,1044.784059601585,577954.2465810776,1458805.890458251,2.0,5526607.582092061,365328.0545006475,27209144.290578924,40003.522123153525,1773640.419496487,258835.6863758007,54297.55343784546,1750.3353404954569,55487.577655745874,26543.91274598913,83102.65505169929,830728.46839836
2023-03,Arada,23.431923169034743,0.0005159043198084098,0.000523120407789952,0.0005235134134489373,176.869680341274,129547.9833984375,154371.31172405052,6.0,0.0,76650.35488586953,4659425.09783472,1932.0280105111356,0.0,0.0,25369.9562524495,0.0,0.0,19406.190678522504,8199.53802469422,79045.1466208676
2023-03,Bole,24.768616630653195,0.004069504655478749,0.004087536693416378,0.004085145286470755,1456.5370129053554,591126.6415710449,1126020.3433838214,24.0,896769.3893058358,580416.1541855597,18416451.08505943,10436.188026384647,4883618.38494601,648225.8212969821,101191.315213993,0.0,30499.410243706596,39549.62310854257,27027.424214939256,705045.2746982997
2023-03,Gulele,20.708003758697625,0.0017952059679019624,0.0017989461592089807,0.001806577236667088,271.24008549299464,191815.6131362915,343757.35125622124,2.0,247.700025933823,22002.799475087588,7845656.90704623,16931.554441194912,0.0,7270.071742202093,13710.881867102697,0.0,13293.462951652262,20308.566843555647,8066.165702901882,192535.3826680482
2023-03,Kirkos,24.298903207785564,0.0011519107046887717,0.0011608564337402109,0.001159936530232418,658.367044785666,246195.3955078125,407445.71887208143,27.0,406792.8336762707,390906.811451437,8308279.97318338,0.0,65818.11835366307,0.0,82489.43161484491,0.0,0.0,21759.51109966339,28967.210286565973,173520.87515752186
2023-03,Kolfe Keraniyo,24.235454800994088,0.003339836716293239,0.003349986445662246,0.0033574242874369904,900.0176843363772,588912.7861328125,999778.8262524343,10.0,291846.42793674866,0.0,33497229.618138816,0.0,72822.25008760257,3254.004578879517,59088.20826516709,0.0,28389.786506119886,1999.0475906724823,21921.792401634888,802951.0311531086
2023-03,Lemi Kura,22.989241751555213,0.004398869149189406,0.004379216643660614,0.004386901142208414,847.6130060240288,477004.73025512695,1077463.223131778,4.0,1712173.9962421947,0.0,33145748.589403372,0.0,1762514.6735988294,50492.57284487099,59290.56198237499,0.0,20492.203628489955,28991.1462658884,30113.67819436336,823739.0228125532
2023-03,Lideta,24.00685748835413,0.0007292427466514331,0.0007399710133783684,0.0007378690286663466,345.4787432756373,149520.572265625,238256.11138927197,21.0,127401.41171582477,490441.68090575916,5697785.465824234,641539.5422013433,3.270979477047901,0.0,45984.5164421835,0.0,0.0,13274.699443375684,8543.116371212236,143381.56823950287
2023-03,Nifas Silk Lafto,24.82795771723784,0.0032237198676564587,0.003225674749901771,0.003231238548312396,841.5517211893879,546690.8269042969,1020947.5290218766,8.0,814229.8479719026,0.0,29793604.541209195,10718.522802027,630510.8660664688,0.0,63965.89918432797,0.0,29480.131225656678,6031.665235660577,48983.06371372432,730069.9503519727
2023-03,Yeka,21.601378152994382,0.0031029185905544145,0.0031381020867478756,0.0031441549184950575,517.1025701582884,411173.4640197754,629507.8244182687,8.0,6820.175402169005,22872.035526742056,19262047.908034045,0.0,39209.08000849748,120688.57037222979,32713.710225186594,0.0,0.0,51329.66061620474,19115.57412660214,406901.78687040746
2023-04,Addis Ketema,23.748117585121793,0.0012100622642378048,0.0012044604440870268,0.0012008803474428862,308.7099786425276,280921.71484375,413244.76971781626,6.0,215850.9702058304,265450.8900814801,10882491.456047973,82401.44393116132,0.0,0.0,21095.167212089207,0.0,6407.418335811565,36722.49625661942,9150.718490781326,306043.3825076155
2023-04,Akaki Kality,27.755670515254717,0.007036348874843011,0.006974979365068335,0.006980518087203629,1414.6168799937004,577954.2465810776,1458805.8904582507,2.0,5526607.582092061,365328.0545006475,27209144.290578924,40003.522123153525,1773640.419496487,258835.68637580072,54297.55343784546,1750.3353404954569,55487.577655745874,26543.91274598913,83102.65505169929,830728.46839836
2023-04,Arada,25.138708760108795,0.000474237830987522,0.0004692830014210891,0.00046874920546003806,172.82649667896627,129547.9833984375,154371.31172405052,6.0,0.0,76650.35488586953,4659425.09783472,1932.0280105111356,0.0,0.0,25369.9562524495,0.0,0.0,19406.190678522504,8199.53802469422,79045.1466208676
2023-04,Bole,26.76410507161252,0.0041128342386464265,0.004083318905122351,0.004079140342303912,1576.2305776060525,591126.6415710449,1126020.3433838214,24.0,896769.3893058358,580416.1541855597,18416451.08505943,10436.188026384649,4883618.38494601,648225.8212969821,101191.315213993,0.0,30499.410243706596,39549.62310854257,27027.424214939256,705045.2746982997
2023-04,Gulele,22.015182218132363,0.0015959435959740015,0.0015974290317598287,0.0016073943408781066,303.3143559365947,191815.6131362915,343757.35125622124,2.0,247.700025933823,22002.799475087588,7845656.90704623,16931.554441194912,0.0,7270.071742202093,13710.881867102697,0.0,13293.462951652262,20308.566843555647,8066.165702901882,192535.38266804823
2023-04,Kirkos,27.538702990023115,0.001074574128048723,0.0010614359624055176,0.0010619724005708432,626.188743439843,246195.3955078125,407445.71887208143,27.0,406792.8336762707,390906.811451437,8308279.97318338,0.0,65818.11835366307,0.0,82489.43161484491,0.0,0.0,21759.51109966339,28967.210286565973,173520.87515752186
2023-04,Kolfe Keraniyo,24.83983621174454,0.003154914862455741,0.0031384623455906744,0.003142683365489625,991.5727530385027,588912.7861328125,999778.8262524343,10.0,291846.42793674866,0.0,33497229.618138816,0.0,72822.25008760257,3254.004578879517,59088.208265167086,0.0,28389.786506119886,1999.0475906724823,21921.792401634888,802951.0311531086
2023-04,Lemi Kura,25.427790057040728,0.004374840744694249,0.004352857108634147,0.004357837187585164,864.3018360442311,477004.73025512695,1077463.223131778,4.0,1712173.9962421947,0.0,33145748.589403372,0.0,1762514.6735988294,50492.57284487099,59290.56198237499,0.0,20492.203628489955,28991.1462658884,30113.67819436336,823739.0228125532
2023-04,Lideta,26.54761823700452,0.0006681204560741435,0.0006575587802755486,0.0006560929880947017,340.8317368686909,149520.572265625,238256.11138927197,21.0,127401.41171582477,490441.68090575916,5697785.465824234,641539.5422013435,3.270979477047901,0.0,45984.5164421835,0.0,0.0,13274.699443375684,8543.116371212236,143381.56823950287
2023-04,Nifas Silk Lafto,27.931176585799303,0.003137503642603308,0.003096809623466322,0.0031008645845100073,987.279878685584,546690.8269042969,1020947.5290218766,8.0,814229.8479719026,0.0,29793604.541209195,10718.522802027,630510.8660664688,0.0,63965.89918432798,0.0,29480.131225656678,6031.665235660577,48983.06371372432,730069.9503519727
2023-04,Yeka,23.982643835629734,0.0028339568399547493,0.0028194143998738434,0.0028222797088459767,557.4269627922889,411173.4640197754,629507.8244182687,8.0,6820.175402169005,22872.035526742053,19262047.908034045,0.0,39209.08000849748,120688.57037222979,32713.710225186594,0.0,0.0,51329.66061620474,19115.57412660214,406901.78687040746
2023-05,Addis Ketema,22.801397194610537,0.0011793779129782732,0.001170971786687583,0.0011725286809883284,307.9331533809503,280921.71484375,413244.76971781626,6.0,215850.9702058304,265450.8900814801,10882491.456047973,82401.44393116132,0.0,0.0,21095.167212089207,0.0,6407.418335811565,36722.49625661942,9150.718490781326,306043.3825076155
2023-05,Akaki Kality,25.810833514324255,0.006913361430809338,0.00690887381176004,0.006912395723852751,1114.0881134382025,577954.2465810776,1458805.890458251,2.0,5526607.582092061,365328.0545006475,27209144.290578924,40003.522123153525,1773640.419496487,258835.6863758007,54297.55343784546,1750.3353404954569,55487.577655745874,26543.91274598913,83102.65505169929,830728.46839836
2023-05,Arada,23.186582176567523,0.0004829548257154757,0.0004799754759055995,0.00047896372128775397,165.77144172615476,129547.9833984375,154371.31172405052,6.0,0.0,76650.35488586953,4659425.09783472,1932.0280105111356,0.0,0.0,25369.9562524495,0.0,0.0,19406.190678522504,8199.53802469422,79045.1466208676
2023-05,Bole,25.356143082472727,0.0042016719816799775,0.004192716871220034,0.004186350850119482,1383.6524591516952,591126.6415710449,1126020.3433838214,24.0,896769.3893058358,580416.1541855597,18416451.08505943,10436.188026384647,4883618.38494601,648225.8212969821,101191.315213993,0.0,30499.410243706596,39549.62310854257,27027.424214939256,705045.2746982997
2023-05,Gulele,20.07429942323625,0.0015880921297173754,0.0015725703962753486,0.001579715406259206,335.65328341632215,191815.6131362915,343757.35125622124,2.0,247.700025933823,22002.799475087588,7845656.90704623,16931.554441194912,0.0,7270.071742202093,13710.881867102697,0.0,13293.462951652262,20308.566843555647,8066.165702901882,192535.3826680482
2023-05,Kirkos,25.158224006511432,0.0010917206611660167,0.00109038137411023,0.0010890751483014756,550.777629579703,246195.3955078125,407445.71887208143,27.0,406792.8336762707,390906.811451437,8308279.97318338,0.0,65818.11835366307,0.0,82489.43161484491,0.0,0.0,21759.51109966339,28967.210286565973,173520.87515752186
2023-05,Kolfe Keraniyo,23.711639895679102,0.0031916950763630483,0.0031959099065000246,0.003196186419328691,825.7148748085278,588912.7861328125,999778.8262524343,10.0,291846.42793674866,0.0,33497229.618138816,0.0,72822.25008760257,3254.004578879517,59088.20826516709,0.0,28389.786506119886,1999.0475906724823,21921.792401634888,802951.0311531086
2023-05,Lemi Kura,23.61126921692487,0.004543745512717587,0.004552762587839819,0.00456735082528309,706.4574446041851,477004.73025512695,1077463.223131778,4.0,1712173.9962421947,0.0,33145748.589403372,0.0,1762514.6735988294,50492.57284487099,59290.56198237499,0.0,20492.203628489955,28991.1462658884,30113.67819436336,823739.0228125532
2023-05,Lideta,25.023565898359276,0.0006880478174621647,0.0006921314101994086,0.0006881093909947018,286.47906726918933,149520.572265625,238256.11138927197,21.0,127401.41171582477,490441.68090575916,5697785.465824234,641539.5422013433,3.270979477047901,0.0,45984.5164421835,0.0,0.0,13274.699443375684,8543.116371212236,143381.56823950287
2023-05,Nifas Silk Lafto,25.528690724255284,0.0029880338946682494,0.0030094092253095217,0.003012900648764471,862.125038091441,546690.8269042969,1020947.5290218766,8.0,814229.8479719026,0.0,29793604.541209195,10718.522802027,630510.8660664688,0.0,63965.89918432797,0.0,29480.131225656678,6031.665235660577,48983.06371372432,730069.9503519727
2023-05,Yeka,21.411785703746652,0.0031119553064304912,0.0030858875153555003,0.003087457758144506,657.9201447828693,411173.4640197754,629507.8244182687,8.0,6820.175402169005,22872.035526742056,19262047.908034045,0.0,39209.08000849748,120688.57037222979,32713.710225186594,0.0,0.0,51329.66061620474,19115.57412660214,406901.78687040746
2023-06,Addis Ketema,22.673707233861123,0.0011837445099406572,0.0011879734169201268,0.0011901827429873324,285.19031225641567,280921.71484375,413244.76971781626,6.0,215850.9702058304,265450.8900814801,10882491.456047973,82401.44393116132,0.0,0.0,21095.167212089207,0.0,6407.418335811565,36722.49625661942,9150.718490781326,306043.3825076155
2023-06,Akaki Kality,24.482846228704688,0.007655037771442758,0.007661226010142637,0.007666833693591292,1084.6868609315197,577954.2465810776,1458805.8904582507,2.0,5526607.582092061,365328.0545006475,27209144.290578924,40003.522123153525,1773640.419496487,258835.68637580072,54297.55343784546,1750.3353404954569,55487.577655745874,26543.91274598913,83102.65505169929,830728.46839836
2023-06,Arada,24.110024510559555,0.0004925070853584582,0.0004921863254939589,0.0004905661291283748,175.1589501698812,129547.9833984375,154371.31172405052,6.0,0.0,76650.35488586953,4659425.09783472,1932.0280105111356,0.0,0.0,25369.9562524495,0.0,0.0,19406.190678522504,8199.53802469422,79045.1466208676
2023-06,Bole,24.706643828544006,0.0044411537259886405,0.004445153179530977,0.004445133489836953,1424.4285112284297,591126.6415710449,1126020.3433838214,24.0,896769.3893058358,580416.1541855597,18416451.08505943,10436.188026384649,4883618.38494601,648225.8212969821,101191.315213993,0.0,30499.410243706596,39549.62310854257,27027.424214939256,705045.2746982997
2023-06,Gulele,20.638842845675523,0.001584396852137453,0.0015864363388028472,0.0015940021526096547,290.4843212446474,191815.6131362915,343757.35125622124,2.0,247.700025933823,22002.799475087588,7845656.90704623,16931.554441194912,0.0,7270.071742202093,13710.881867102697,0.0,13293.462951652262,20308.566843555647,8066.165702901882,192535.38266804823
2023-06,Kirkos,25.231998527533015,0.001168665034532575,0.0011725171488019455,0.0011688563401974427,563.866321535299,246195.3955078125,407445.71887208143,27.0,406792.8336762707,390906.811451437,8308279.97318338,0.0,65818.11835366307,0.0,82489.43161484491,0.0,0.0,21759.51109966339,28967.210286565973,173520.87515752186
2023-06,Kolfe Keraniyo,23.74353973895389,0.0033654359025749743,0.0033582221332718255,0.003361088914015886,826.7534547122405,588912.7861328125,999778.8262524343,10.0,291846.42793674866,0.0,33497229.618138816,0.0,72822.25008760257,3254.004578879517,59088.208265167086,0.0,28389.786506119886,1999.0475906724823,21921.792401634888,802951.0311531086
2023-06,Lemi Kura,23.536718819096407,0.004785911416980732,0.0047577785797349855,0.004771640844892836,858.6677522958597,477004.73025512695,1077463.223131778,4.0,1712173.9962421947,0.0,33145748.589403372,0.0,1762514.6735988294,50492.57284487099,59290.56198237499,0.0,20492.203628489955,28991.1462658884,30113.67819436336,823739.0228125532
2023-06,Lideta,24.52948019457872,0.0007152363341425469,0.0007108993043713614,0.000708538036538987,310.6456413738697,149520.572265625,238256.11138927197,21.0,127401.41171582477,490441.68090575916,5697785.465824234,641539.5422013435,3.270979477047901,0.0,45984.5164421835,0.0,0.0,13274.699443375684,8543.116371212236,143381.56823950287
2023-06,Nifas Silk Lafto,25.067069370983575,0.0033681477770812094,0.003367325530293541,0.003369822251696157,822.0404187858427,546690.8269042969,1020947.5290218766,8.0,814229.8479719026,0.0,29793604.541209195,10718.522802027,630510.8660664688,0.0,63965.89918432798,0.0,29480.131225656678,6031.665235660577,48983.06371372432,730069.9503519727
2023-06,Yeka,21.609685111245405,0.003128673167824673,0.003119787122528764,0.0031250705734298177,648.2495730189207,411173.4640197754,629507.8244182687,8.0,6820.175402169005,22872.035526742053,19262047.908034045,0.0,39209.08000849748,120688.57037222979,32713.710225186594,0.0,0.0,51329.66061620474,19115.57412660214,406901.78687040746
2023-07,Addis Ketema,18.642144084548605,0.0011600747397183123,0.0011888457633429923,0.0011880743941757859,232.23167266647022,280921.71484375,413244.76971781626,6.0,215850.9702058304,265450.8900814801,10882491.456047973,82401.44393116132,0.0,0.0,21095.167212089207,0.0,6407.418335811565,36722.49625661942,9150.718490781326,306043.3825076155
2023-07,Akaki Kality,21.267665204536684,0.007706129125981435,0.00789509711850881,0.007900015611487132,1058.1772737935298,577954.2465810776,1458805.890458251,2.0,5526607.582092061,365328.0545006475,27209144.290578924,40003.522123153525,1773640.419496487,258835.6863758007,54297.55343784546,1750.3353404954569,55487.577655745874,26543.91274598913,83102.65505169929,830728.46839836
2023-07,Arada,18.734421694500227,0.0004637697826099689,0.00047543481069233884,0.0004721929256673345,145.71199182271957,129547.9833984375,154371.31172405052,6.0,0.0,76650.35488586953,4659425.09783472,1932.0280105111356,0.0,0.0,25369.9562524495,0.0,0.0,19406.190678522504,8199.53802469422,79045.1466208676
2023-07,Bole,21.04845579985532,0.004294882604856632,0.004462728299121398,0.004462911806352693,1340.4170414576429,591126.6415710449,1126020.3433838214,24.0,896769.3893058358,580416.1541855597,18416451.08505943,10436.188026384647,4883618.38494601,648225.8212969821,101191.315213993,0.0,30499.410243706596,39549.62310854257,27027.424214939256,705045.2746982997
2023-07,Gulele,17.57120010600547,0.0015654418832471444,0.0015881887906192545,0.001594189803688387,247.86663512534656,191815.6131362915,343757.35125622124,2.0,247.700025933823,22002.799475087588,7845656.90704623,16931.554441194912,0.0,7270.071742202093,13710.881867102697,0.0,13293.462951652262,20308.566843555647,8066.165702901882,192535.3826680482
2023-07,Kirkos,20.572143485751077,0.0010164374030317764,0.0010458133504963538,0.001048055393483368,526.4829365315891,246195.3955078125,407445.71887208143,27.0,406792.8336762707,390906.811451437,8308279.97318338,0.0,65818.11835366307,0.0,82489.43161484491,0.0,0.0,21759.51109966339,28967.210286565973,173520.87515752186
2023-07,Kolfe Keraniyo,18.998727818474162,0.002927151786847623,0.003045080725332667,0.003049452307810017,751.6189269005937,588912.7861328125,999778.8262524343,10.0,291846.42793674866,0.0,33497229.618138816,0.0,72822.25008760257,3254.004578879517,59088.20826516709,0.0,28389.786506119886,1999.0475906724823,21921.792401634888,802951.0311531086
2023-07,Lemi Kura,20.18788654993657,0.005044690196416535,0.005154654131812374,0.0051624949765760745,730.3891727715649,477004.73025512695,1077463.223131778,4.0,1712173.9962421947,0.0,33145748.589403372,0.0,1762514.6735988294,50492.57284487099,59290.56198237499,0.0,20492.203628489955,28991.1462658884,30113.67819436336,823739.0228125532
2023-07,Lideta,19.534875642361815,0.0006319991633028021,0.0006510039930922018,0.0006492941433250492,272.9849466613361,149520.572265625,238256.11138927197,21.0,127401.41171582477,490441.68090575916,5697785.465824234,641539.5422013433,3.270979477047901,0.0,45984.5164421835,0.0,0.0,13274.699443375684,8543.116371212236,143381.56823950287
2023-07,Nifas Silk Lafto,20.354576528520944,0.0030162749873010085,0.00310633147847204,0.003108836673940207,795.5124528950485,546690.8269042969,1020947.5290218766,8.0,814229.8479719026,0.0,29793604.541209195,10718.522802027,630510.8660664688,0.0,63965.89918432797,0.0,29480.131225656678,6031.665235660577,48983.06371372432,730069.9503519727
2023-07,Yeka,18.87222354815677,0.0030689229317068115,0.0031297437944727644,0.003131993601334972,498.6430404420833,411173.4640197754,629507.8244182687,8.0,6820.175402169005,22872.035526742056,19262047.908034045,0.0,39209.08000849748,120688.57037222979,32713.710225186594,0.0,0.0,51329.66061620474,19115.57412660214,406901.78687040746
2023-08,Addis Ketema,22.15770358210657,0.0012572160602094106,0.0012193268116951726,0.0012209303950324571,295.63439329119694,280921.71484375,413244.76971781626,6.0,215850.9702058304,265450.8900814801,10882491.456047973,82401.44393116132,0.0,0.0,21095.167212089207,0.0,6407.418335811565,36722.49625661942,9150.718490781326,306043.3825076155
2023-08,Akaki Kality,23.3065526978742,0.007010069155680354,0.006795579619887164,0.006802949756258395,1439.4144810446555,577954.2465810776,1458805.890458251,2.0,5526607.582092061,365328.0545006475,27209144.290578924,40003.522123153525,1773640.419496487,258835.6863758007,54297.55343784546,1750.3353404954569,55487.577655745874,26543.91274598913,83102.65505169929,830728.46839836
2023-08,Arada,23.68405625367724,0.0005119513506979094,0.0004985303075767882,0.0004929697153269561,150.42485353912133,129547.9833984375,154371.31172405052,6.0,0.0,76650.35488586953,4659425.09783472,1932.0280105111356,0.0,0.0,25369.9562524495,0.0,0.0,19406.190678522504,8199.53802469422,79045.1466208676
2023-08,Bole,23.88964533575299,0.00399840239138577,0.003794609893441373,0.003794945015740948,1496.8111889911215,591126.6415710449,1126020.3433838214,24.0,896769.3893058358,580416.1541855597,18416451.08505943,10436.188026384647,4883618.38494601,648225.8212969821,101191.315213993,0.0,30499.410243706596,39549.62310854257,27027.424214939256,705045.2746982997
2023-08,Gulele,20.071624781990824,0.0016405693982153653,0.0016140494349322335,0.0016198913582734272,296.82450235721427,191815.6131362915,343757.35125622124,2.0,247.700025933823,22002.799475087588,7845656.90704623,16931.554441194912,0.0,7270.071742202093,13710.881867102697,0.0,13293.462951652262,20308.566843555647,8066.165702901882,192535.3826680482
2023-08,Kirkos,24.246802155523678,0.001093872468555288,0.0010489885620972147,0.0010458016525306541,544.8441811782726,246195.3955078125,407445.71887208143,27.0,406792.8336762707,390906.811451437,8308279.97318338,0.0,65818.11835366307,0.0,82489.43161484491,0.0,0.0,21759.51109966339,28967.210286565973,173520.87515752186
2023-08,Kolfe Keraniyo,22.184784356110008,0.0032377870921136897,0.0030917141862854725,0.0030892776649636667,887.4441421642396,588912.7861328125,999778.8262524343,10.0,291846.42793674866,0.0,33497229.618138816,0.0,72822.25008760257,3254.004578879517,59088.20826516709,0.0,28389.786506119886,1999.0475906724823,21921.792401634888,802951.0311531086
2023-08,Lemi Kura,22.220604599896703,0.0043197614920711365,0.0041883419835668425,0.004195165281208467,900.4739675514293,477004.73025512695,1077463.223131778,4.0,1712173.9962421947,0.0,33145748.589403372,0.0,1762514.6735988294,50492.57284487099,59290.56198237499,0.0,20492.203628489955,28991.1462658884,30113.67819436336,823739.0228125532
2023-08,Lideta,24.13915530421838,0.0007197043224772629,0.000691180701067004,0.0006890627872186189,279.5056891141882,149520.572265625,238256.11138927197,21.0,127401.41171582477,490441.68090575916,5697785.465824234,641539.5422013433,3.270979477047901,0.0,45984.5164421835,0.0,0.0,13274.699443375684,8543.116371212236,143381.56823950287
2023-08,Nifas Silk Lafto,23.085259847368516,0.0029288249926163875,0.002804635659333282,0.00281481048448797,944.0669615487545,546690.8269042969,1020947.5290218766,8.0,814229.8479719026,0.0,29793604.541209195,10718.522802027,630510.8660664688,0.0,63965.89918432797,0.0,29480.131225656678,6031.665235660577,48983.06371372432,730069.9503519727
2023-08,Yeka,21.07285925998422,0.002904080307044529,0.002829356746297958,0.0028368248878371115,589.1721721295631,411173.4640197754,629507.8244182687,8.0,6820.175402169005,22872.035526742056,19262047.908034045,0.0,39209.08000849748,120688.57037222979,32713.710225186594,0.0,0.0,51329.66061620474,19115.57412660214,406901.78687040746
2023-09,Addis Ketema,23.461787079195712,0.000981464425421465,0.0009986163366962155,0.000997614565506891,307.47451139360237,280921.71484375,413244.76971781626,6.0,215850.9702058304,265450.8900814801,10882491.456047973,82401.44393116132,0.0,0.0,21095.167212089207,0.0,6407.418335811565,36722.49625661942,9150.718490781326,306043.3825076155
2023-09,Akaki Kality,24.763921275847487,0.005951825850756117,0.0060690506241407784,0.006071873346391575,1165.6626561444584,577954.2465810776,1458805.8904582507,2.0,5526607.582092061,365328.0545006475,27209144.290578924,40003.522123153525,1773640.419496487,258835.68637580072,54297.55343784546,1750.3353404954569,55487.577655745874,26543.91274598913,83102.65505169929,830728.46839836
2023-09,Arada,25.252121193313712,0.0003866965868907292,0.00039253869243255503,0.00039267676166881293,180.52678547907567,129547.9833984375,154371.31172405052,6.0,0.0,76650.35488586953,4659425.09783472,1932.0280105111356,0.0,0.0,25369.9562524495,0.0,0.0,19406.190678522504,8199.53802469422,79045.1466208676
2023-09,Bole,25.218378984317457,0.0033810978049287977,0.0034553199025057478,0.0034570704575132283,1573.4230860544371,591126.6415710449,1126020.3433838214,24.0,896769.3893058358,580416.1541855597,18416451.08505943,10436.188026384649,4883618.38494601,648225.8212969821,101191.315213993,0.0,30499.410243706596,39549.62310854257,27027.424214939256,705045.2746982997
2023-09,Gulele,22.4478720708561,0.0013355914098880522,0.0013473760428300292,0.0013495372673493046,263.9406349595449,191815.6131362915,343757.35125622124,2.0,247.700025933823,22002.799475087588,7845656.90704623,16931.554441194912,0.0,7270.071742202093,13710.881867102697,0.0,13293.462951652262,20308.566843555647,8066.165702901882,192535.38266804823
2023-09,Kirkos,26.685656984987325,0.0008693245096390732,0.0008907679967736092,0.0008887668999261078,634.9055815108617,246195.3955078125,407445.71887208143,27.0,406792.8336762707,390906.811451437,8308279.97318338,0.0,65818.11835366307,0.0,82489.43161484491,0.0,0.0,21759.51109966339,28967.210286565973,173520.87515752186
2023-09,Kolfe Keraniyo,24.334457773668564,0.002597010242071873,0.0026482765451949376,0.0026465972753981454,899.2464182403511,588912.7861328125,999778.8262524343,10.0,291846.42793674866,0.0,33497229.618138816,0.0,72822.25008760257,3254.004578879517,59088.208265167086,0.0,28389.786506119886,1999.0475906724823,21921.792401634888,802951.0311531086
2023-09,Lemi Kura,23.181010373524757,0.0037814965119375393,0.0038619253104712104,0.0038715043538001996,858.0125107240069,477004.73025512695,1077463.223131778,4.0,1712173.9962421947,0.0,33145748.589403372,0.0,1762514.6735988294,50492.57284487099,59290.56198237499,0.0,20492.203628489955,28991.1462658884,30113.67819436336,823739.0228125532
2023-09,Lideta,26.169506207052567,0.0005205398672520012,0.0005357232473596202,0.0005398568939853092,333.3039900212472,149520.572265625,238256.11138927197,21.0,127401.41171582477,490441.68090575916,5697785.465824234,641539.5422013435,3.270979477047901,0.0,45984.5164421835,0.0,0.0,13274.699443375684,8543.116371212236,143381.56823950287
2023-09,Nifas Silk Lafto,25.440468798979452,0.0024744633971907856,0.0025252650391690014,0.0025296694589616547,895.5751524932738,546690.8269042969,1020947.5290218766,8.0,814229.8479719026,0.0,29793604.541209195,10718.522802027,630510.8660664688,0.0,63965.89918432798,0.0,29480.131225656678,6031.665235660577,48983.06371372432,730069.9503519727
2023-09,Yeka,23.221551224116197,0.002523229700154011,0.0025723621784757658,0.0025734446746763576,635.800786107349,411173.4640197754,629507.8244182687,8.0,6820.175402169005,22872.035526742053,19262047.908034045,0.0,39209.08000849748,120688.57037222979,32713.710225186594,0.0,0.0,51329.66061620474,19115.57412660214,406901.78687040746
2023-10,Addis Ketema,26.1235733979908,0.0010508656941975356,0.0010451220130150319,0.0010419963910738596,325.76479956032574,280921.71484375,413244.76971781626,6.0,215850.9702058304,265450.8900814801,10882491.456047973,82401.44393116132,0.0,0.0,21095.167212089207,0.0,6407.418335811565,36722.49625661942,9150.718490781326,306043.3825076155
2023-10,Akaki Kality,27.442656820164665,0.006177294913671093,0.0061371663940969975,0.006138021738133875,1371.1555818244142,577954.2465810776,1458805.890458251,2.0,5526607.582092061,365328.0545006475,27209144.290578924,40003.522123153525,1773640.419496487,258835.6863758007,54297.55343784546,1750.3353404954569,55487.577655745874,26543.91274598913,83102.65505169929,830728.46839836
2023-10,Arada,27.680428976067276,0.0004035347594212756,0.00040225247760791,0.000400843840303629,193.6232998336571,129547.9833984375,154371.31172405052,6.0,0.0,76650.35488586953,4659425.09783472,1932.0280105111356,0.0,0.0,25369.9562524495,0.0,0.0,19406.190678522504,8199.53802469422,79045.1466208676
2023-10,Bole,28.201621700232195,0.003411370455190273,0.0034004515931622043,0.0034007491671383533,1718.1717970164837,591126.6415710449,1126020.3433838214,24.0,896769.3893058358,580416.1541855597,18416451.08505943,10436.188026384647,4883618.38494601,648225.8212969821,101191.315213993,0.0,30499.410243706596,39549.62310854257,27027.424214939256,705045.2746982997
2023-10,Gulele,22.36530289333924,0.0013176780670930842,0.0013125213344606559,0.0013283974292406123,307.25844149878856,191815.6131362915,343757.35125622124,2.0,247.700025933823,22002.799475087588,7845656.90704623,16931.554441194912,0.0,7270.071742202093,13710.881867102697,0.0,13293.462951652262,20308.566843555647,8066.165702901882,192535.3826680482
2023-10,Kirkos,28.318845934179762,0.0009174589014837497,0.0009109304678265366,0.0009110915660838466,662.7980098658138,246195.3955078125,407445.71887208143,27.0,406792.8336762707,390906.811451437,8308279.97318338,0.0,65818.11835366307,0.0,82489.43161484491,0.0,0.0,21759.51109966339,28967.210286565973,173520.87515752186
2023-10,Kolfe Keraniyo,26.334740922919206,0.0028994297946933205,0.002886574110394313,0.00288419208143663,1007.5940593600081,588912.7861328125,999778.8262524343,10.0,291846.42793674866,0.0,33497229.618138816,0.0,72822.25008760257,3254.004578879517,59088.20826516709,0.0,28389.786506119886,1999.0475906724823,21921.792401634888,802951.0311531086
2023-10,Lemi Kura,26.18969783969858,0.0037294138337559245,0.0037050360568297263,0.0037083061230174692,956.2898532952617,477004.73025512695,1077463.223131778,4.0,1712173.9962421947,0.0,33145748.589403372,0.0,1762514.6735988294,50492.57284487099,59290.56198237499,0.0,20492.203628489955,28991.1462658884,30113.67819436336,823739.0228125532
2023-10,Lideta,28.10760241555383,0.000575247455887354,0.000571696347634874,0.0005722742651273343,339.6174169237487,149520.572265625,238256.11138927197,21.0,127401.41171582477,490441.68090575916,5697785.465824234,641539.5422013433,3.270979477047901,0.0,45984.5164421835,0.0,0.0,13274.699443375684,8543.116371212236,143381.56823950287
2023-10,Nifas Silk Lafto,28.053857404003168,0.0027268224718923224,0.002718224482701585,0.0027221242169894236,1016.4156687496989,546690.8269042969,1020947.5290218766,8.0,814229.8479719026,0.0,29793604.541209195,10718.522802027,630510.8660664688,0.0,63965.89918432797,0.0,29480.131225656678,6031.665235660577,48983.06371372432,730069.9503519727
2023-10,Yeka,24.720421165792736,0.0024669717824302015,0.002448861993946067,0.0024493968897439057,662.443059893046,411173.4640197754,629507.8244182687,8.0,6820.175402169005,22872.035526742056,19262047.908034045,0.0,39209.08000849748,120688.57037222979,32713.710225186594,0.0,0.0,51329.66061620474,19115.57412660214,406901.78687040746
2023-11,Addis Ketema,27.970474373264757,0.001270592642017403,0.0012595710131950131,0.0012547765541998934,350.87441715912263,280921.71484375,413244.76971781626,6.0,215850.9702058304,265450.8900814801,10882491.456047973,82401.44393116132,0.0,0.0,21095.167212089207,0.0,6407.418335811565,36722.49625661942,9150.718490781326,306043.3825076155
2023-11,Akaki Kality,27.83067898435321,0.0063903475906222735,0.006377944572427756,0.006381968404249803,1344.1017444720346,577954.2465810776,1458805.8904582507,2.0,5526607.582092061,365328.0545006475,27209144.290578924,40003.522123153525,1773640.419496487,258835.68637580072,54297.55343784546,1750.3353404954569,55487.577655745874,26543.91274598913,83102.65505169929,830728.46839836
2023-11,Arada,29.450063809368324,0.00047801393993106305,0.0004782412852484509,0.00047716588317508075,219.87550423027557,129547.9833984375,154371.31172405052,6.0,0.0,76650.35488586953,4659425.09783472,1932.0280105111356,0.0,0.0,25369.9562524495,0.0,0.0,19406.190678522504,8199.53802469422,79045.1466208676
2023-11,Bole,28.705189266156424,0.003870446856279006,0.003841440079390196,0.0038431173311280244,1900.1708608424221,591126.6415710449,1126020.3433838214,24.0,896769.3893058358,580416.1541855597,18416451.08505943,10436.188026384649,4883618.38494601,648225.8212969821,101191.315213993,0.0,30499.410243706596,39549.62310854257,27027.424214939256,705045.2746982997
2023-11,Gulele,23.623338974839974,0.0015061779512710093,0.0015066490567349738,0.0015247643083123692,304.07803172273293,191815.6131362915,343757.35125622124,2.0,247.700025933823,22002.799475087588,7845656.90704623,16931.554441194912,0.0,7270.071742202093,13710.881867102697,0.0,13293.462951652262,20308.566843555647,8066.165702901882,192535.38266804823
2023-11,Kirkos,29.828725823765833,0.001129716977387739,0.0011219952573400674,0.0011130995686911235,783.1806456777784,246195.3955078125,407445.71887208143,27.0,406792.8336762707,390906.811451437,8308279.97318338,0.0,65818.11835366307,0.0,82489.43161484491,0.0,0.0,21759.51109966339,28967.210286565973,173520.87515752186
2023-11,Kolfe Keraniyo,27.819863078337303,0.0034606382222655153,0.003416832909822699,0.003416829726340507,1158.100612411859,588912.7861328125,999778.8262524343,10.0,291846.42793674866,0.0,33497229.618138816,0.0,72822.25008760257,3254.004578879517,59088.208265167086,0.0,28389.786506119886,1999.0475906724823,21921.792401634888,802951.0311531086
2023-11,Lemi Kura,27.040952994535715,0.003926806649726437,0.003921901329429786,0.0039276296748130424,1038.3026313181974,477004.73025512695,1077463.223131778,4.0,1712173.9962421947,0.0,33145748.589403372,0.0,1762514.6735988294,50492.57284487099,59290.56198237499,0.0,20492.203628489955,28991.1462658884,30113.67819436336,823739.0228125532
2023-11,Lideta,29.790826897798663,0.0007039509178555631,0.0006975921648118959,0.0006951152022546251,423.5321620550666,149520.572265625,238256.11138927197,21.0,127401.41171582477,490441.68090575916,5697785.465824234,641539.5422013435,3.270979477047901,0.0,45984.5164421835,0.0,0.0,13274.699443375684,8543.116371212236,143381.56823950287
2023-11,Nifas Silk Lafto,28.531007113607025,0.0030376373530081975,0.002981383425353754,0.002989602852598935,1037.0012372406309,546690.8269042969,1020947.5290218766,8.0,814229.8479719026,0.0,29793604.541209195,10718.522802027,630510.8660664688,0.0,63965.89918432798,0.0,29480.131225656678,6031.665235660577,48983.06371372432,730069.9503519727
2023-11,Yeka,25.565348036671548,0.00282003124619369,0.002813293114528362,0.00281759456572269,583.545590009111,411173.4640197754,629507.8244182687,8.0,6820.175402169005,22872.035526742053,19262047.908034045,0.0,39209.08000849748,120688.57037222979,32713.710225186594,0.0,0.0,51329.66061620474,19115.57412660214,406901.78687040746
2023-12,Addis Ketema,26.5079511979692,0.0017578664245607725,0.001768732864973547,0.001771012857764809,404.998030167754,280921.71484375,413244.76971781626,6.0,215850.9702058304,265450.8900814801,10882491.456047973,82401.44393116132,0.0,0.0,21095.167212089207,0.0,6407.418335811565,36722.49625661942,9150.718490781326,306043.3825076155
2023-12,Akaki Kality,28.33225004552615,0.008005090221908479,0.008023882490915886,0.008049570140463591,1552.4713236216496,577954.2465810776,1458805.890458251,2.0,5526607.582092061,365328.0545006475,27209144.290578924,40003.522123153525,1773640.419496487,258835.6863758007,54297.55343784546,1750.3353404954569,55487.577655745874,26543.91274598913,83102.65505169929,830728.46839836
2023-12,Arada,27.786687685783,0.0007226453731711967,0.00072340217241331,0.000717494787998072,259.95638214644566,129547.9833984375,154371.31172405052,6.0,0.0,76650.35488586953,4659425.09783472,1932.0280105111356,0.0,0.0,25369.9562524495,0.0,0.0,19406.190678522504,8199.53802469422,79045.1466208676
2023-12,Bole,27.938527353542224,0.005206248061188373,0.005245520666921379,0.00524388855272513,2406.472325391667,591126.6415710449,1126020.3433838214,24.0,896769.3893058358,580416.1541855597,18416451.08505943,10436.188026384647,4883618.38494601,648225.8212969821,101191.315213993,0.0,30499.410243706596,39549.62310854257,27027.424214939256,705045.2746982997
2023-12,Gulele,21.817154992406177,0.002251969493585052,0.002259554980004539,0.0022796756002126848,346.5633557984425,191815.6131362915,343757.35125622124,2.0,247.700025933823,22002.799475087588,7845656.90704623,16931.554441194912,0.0,7270.071742202093,13710.881867102697,0.0,13293.462951652262,20308.566843555647,8066.165702901882,192535.3826680482
2023-12,Kirkos,28.22631592998006,0.0016125849073611738,0.0016166620968904588,0.0016024739317147332,976.5703735966837,246195.3955078125,407445.71887208143,27.0,406792.8336762707,390906.811451437,8308279.97318338,0.0,65818.11835366307,0.0,82489.43161484491,0.0,0.0,21759.51109966339,28967.210286565973,173520.87515752186
2023-12,Kolfe Keraniyo,27.088421161527876,0.004595189109752773,0.004620234234151354,0.00462419391836332,1339.2334427175556,588912.7861328125,999778.8262524343,10.0,291846.42793674866,0.0,33497229.618138816,0.0,72822.25008760257,3254.004578879517,59088.20826516709,0.0,28389.786506119886,1999.0475906724823,21921.792401634888,802951.0311531086
2023-12,Lemi Kura,27.00725683617202,0.004946981121660624,0.004951773213741537,0.004982248637833357,1273.2086100428762,477004.73025512695,1077463.223131778,4.0,1712173.9962421947,0.0,33145748.589403372,0.0,1762514.6735988294,50492.57284487099,59290.56198237499,0.0,20492.203628489955,28991.1462658884,30113.67819436336,823739.0228125532
2023-12,Lideta,28.416137539720363,0.0010225109719956588,0.001023694368372503,0.0010210116877211596,544.1397546474225,149520.572265625,238256.11138927197,21.0,127401.41171582477,490441.68090575916,5697785.465824234,641539.5422013433,3.270979477047901,0.0,45984.5164421835,0.0,0.0,13274.699443375684,8543.116371212236,143381.56823950287
2023-12,Nifas Silk Lafto,27.99587243299907,0.004056191884608214,0.004106973020184975,0.004120677233599843,1311.7926951198167,546690.8269042969,1020947.5290218766,8.0,814229.8479719026,0.0,29793604.541209195,10718.522802027,630510.8660664688,0.0,63965.89918432797,0.0,29480.131225656678,6031.665235660577,48983.06371372432,730069.9503519727
2023-12,Yeka,24.559483997813555,0.0039586300852335185,0.003972655173489665,0.003975326679770339,738.8326446636175,411173.4640197754,629507.8244182687,8.0,6820.175402169005,22872.035526742056,19262047.908034045,0.0,39209.08000849748,120688.57037222979,32713.710225186594,0.0,0.0,51329.66061620474,19115.57412660214,406901.78687040746
2024-01,Addis Ketema,26.368725666040927,0.0016394800930093207,0.0016273105382521743,0.001627881156761287,433.4840857187907,286949.806640625,413244.76971781626,6.0,215850.9702058304,265450.8900814801,10882491.456047973,82401.44393116132,0.0,0.0,21095.167212089207,0.0,6407.418335811565,36722.49625661942,9150.718490781326,306043.3825076155
2024-01,Akaki Kality,28.885691941449135,0.0072390784901698296,0.0072141926260938325,0.007231450621293227,1594.1276669481078,593991.5332946777,1458805.890458251,2.0,5526607.582092061,365328.0545006475,27209144.290578924,40003.522123153525,1773640.419496487,258835.6863758007,54297.55343784546,1750.3353404954569,55487.577655745874,26543.91274598913,83102.65505169929,830728.46839836
2024-01,Arada,27.2792979207284,0.0006721098351234789,0.000666870828109713,0.000660788034600921,275.1408265855577,131295.751953125,154371.31172405052,6.0,0.0,76650.35488586953,4659425.09783472,1932.0280105111356,0.0,0.0,25369.9562524495,0.0,0.0,19406.190678522504,8199.53802469422,79045.1466208676
2024-01,Bole,27.940687613340444,0.0048041211350526945,0.004749015559944337,0.004746888368837595,2386.281502221249,598950.299621582,1126020.3433838214,24.0,896769.3893058358,580416.1541855597,18416451.08505943,10436.188026384647,4883618.38494601,648225.8212969821,101191.315213993,0.0,30499.410243706596,39549.62310854257,27027.424214939256,705045.2746982997
2024-01,Gulele,22.58454566353891,0.0020563529078703453,0.0020412211194921386,0.0020621153492984675,391.8782062573565,195311.67322921753,343757.35125622124,2.0,247.700025933823,22002.799475087588,7845656.90704623,16931.554441194912,0.0,7270.071742202093,13710.881867102697,0.0,13293.462951652262,20308.566843555647,8066.165702901882,192535.3826680482
2024-01,Kirkos,27.67673654753368,0.0014597687243357925,0.0014579215135687347,0.0014465319540152388,1077.152331776089,243732.50048828125,407445.71887208143,27.0,406792.8336762707,390906.811451437,8308279.97318338,0.0,65818.11835366307,0.0,82489.43161484491,0.0,0.0,21759.51109966339,28967.210286565973,173520.87515752186
2024-01,Kolfe Keraniyo,26.953265626918338,0.004197447636741271,0.004188170759052563,0.0041885595675185214,1394.1614609859607,608663.75390625,999778.8262524343,10.0,291846.42793674866,0.0,33497229.618138816,0.0,72822.25008760257,3254.004578879517,59088.20826516709,0.0,28389.786506119886,1999.0475906724823,21921.792401634888,802951.0311531086
2024-01,Lemi Kura,27.416968804400586,0.004568396401709072,0.004565797644724008,0.004585862411614288,1295.952819754128,491759.59742736816,1077463.223131778,4.0,1712173.9962421947,0.0,33145748.589403372,0.0,1762514.6735988294,50492.57284487099,59290.56198237499,0.0,20492.203628489955,28991.1462658884,30113.67819436336,823739.0228125532
2024-01,Lideta,27.871155198264557,0.0009372492699937521,0.0009348390701018635,0.0009304745016571066,579.9442396375869,150432.6337890625,238256.11138927197,21.0,127401.41171582477,490441.68090575916,5697785.465824234,641539.5422013433,3.270979477047901,0.0,45984.5164421835,0.0,0.0,13274.699443375684,8543.116371212236,143381.56823950287
2024-01,Nifas Silk Lafto,27.835116577606975,0.0035902303197166163,0.003575406672713009,0.003591712078310103,1341.1150778077267,560603.6497802734,1020947.5290218766,8.0,814229.8479719026,0.0,29793604.541209195,10718.522802027,630510.8660664688,0.0,63965.89918432797,0.0,29480.131225656678,6031.665235660577,48983.06371372432,730069.9503519727
2024-01,Yeka,24.64742947134093,0.0037185675393379128,0.0037015432685334583,0.0037101295426038936,832.8533762856766,420225.3050689697,629507.8244182687,8.0,6820.175402169005,22872.035526742056,19262047.908034045,0.0,39209.08000849748,120688.57037222979,32713.710225186594,0.0,0.0,51329.66061620474,19115.57412660214,406901.78687040746
2024-02,Addis Ketema,24.36033819785739,0.0014430688935308435,0.0014421293757624055,0.0014392502484655602,404.8774017545912,286949.806640625,413244.76971781626,6.0,215850.97020583044,265450.8900814801,10882491.456047973,82401.44393116132,0.0,0.0,21095.167212089207,0.0,6407.418335811565,36722.49625661942,9150.718490781326,306043.3825076155
2024-02,Akaki Kality,26.644004526328438,0.006969376972098084,0.006993494316225068,0.007006324082848557,1333.7266021412938,593991.5332946777,1458805.890458251,2.0,5526607.582092062,365328.0545006475,27209144.290578924,40003.522123153525,1773640.419496487,258835.68637580072,54297.55343784546,1750.3353404954569,55487.57765574588,26543.91274598913,83102.65505169929,830728.46839836
2024-02,Arada,25.331659387288347,0.000546441720644511,0.0005477503337166588,0.0005486126078155163,254.41607246610852,131295.751953125,154371.31172405052,6.0,0.0,76650.35488586953,4659425.09783472,1932.0280105111356,0.0,0.0,25369.9562524495,0.0,0.0,19406.190678522504,8199.53802469422,79045.1466208676
2024-02,Bole,26.130309866663584,0.004284823201433313,0.004326433660942708,0.004321328369815339,2035.4417184197243,598950.299621582,1126020.3433838214,24.0,896769.3893058358,580416.1541855597,18416451.08505943,10436.188026384647,4883618.38494601,648225.8212969822,101191.315213993,0.0,30499.410243706596,39549.62310854257,27027.424214939256,705045.2746982997
2024-02,Gulele,20.760807824319247,0.0017883313026763245,0.0017805230862407357,0.0017994552915927599,344.02312849560207,195311.67322921753,343757.35125622124,2.0,247.70002593382304,22002.799475087588,7845656.90704623,16931.554441194912,0.0,7270.071742202093,13710.881867102697,0.0,13293.462951652262,20308.566843555647,8066.165702901882,192535.38266804823
2024-02,Kirkos,26.183203125301876,0.0012706467491056213,0.0012723278154937632,0.0012690220823606405,944.3467507140758,243732.50048828125,407445.71887208143,27.0,406792.8336762707,390906.811451437,8308279.97318338,0.0,65818.11835366307,0.0,82489.43161484491,0.0,0.0,21759.511099663392,28967.210286565973,173520.87515752186
2024-02,Kolfe Keraniyo,24.738040657727623,0.0037764509736337793,0.0037855414318085524,0.0037874332798384304,1086.8703778576928,608663.75390625,999778.8262524343,10.0,291846.42793674866,0.0,33497229.618138816,0.0,72822.25008760257,3254.004578879517,59088.208265167086,0.0,28389.786506119886,1999.0475906724823,21921.792401634888,802951.0311531086
2024-02,Lemi Kura,25.197573123448368,0.004274015842379565,0.004289659763084669,0.004305405367189729,1097.3617578932306,491759.59742736816,1077463.223131778,4.0,1712173.9962421944,0.0,33145748.589403372,0.0,1762514.6735988294,50492.57284487099,59290.56198237499,0.0,20492.203628489955,28991.1462658884,30113.67819436336,823739.0228125532
2024-02,Lideta,26.071026277583886,0.0008002842562267458,0.0008034517730954936,0.0007993986599858679,585.2362719263863,150432.6337890625,238256.11138927197,21.0,127401.41171582477,490441.6809057592,5697785.465824234,641539.5422013433,3.270979477047901,0.0,45984.5164421835,0.0,0.0,13274.699443375684,8543.116371212236,143381.56823950287
2024-02,Nifas Silk Lafto,26.326737273386712,0.0033917662604916916,0.0033871445387979103,0.0033952341537395,1100.119413336118,560603.6497802734,1020947.5290218766,8.0,814229.8479719026,0.0,29793604.541209195,10718.522802027,630510.8660664688,0.0,63965.89918432798,0.0,29480.131225656678,6031.665235660577,48983.06371372432,730069.9503519727
2024-02,Yeka,22.907627799823494,0.003109971291706358,0.003137227543075117,0.0031368883052636173,711.0891176365126,420225.3050689697,629507.8244182687,8.0,6820.175402169005,22872.03552674205,19262047.908034045,0.0,39209.08000849748,120688.57037222979,32713.710225186594,0.0,0.0,51329.66061620474,19115.57412660214,406901.78687040746
2024-03,Addis Ketema,26.22576196723107,0.0013514610521480693,0.0013702649041859602,0.0013673073356390204,415.9053622517321,286949.806640625,413244.76971781626,6.0,215850.9702058304,265450.8900814801,10882491.456047973,82401.44393116132,0.0,0.0,21095.167212089207,0.0,6407.418335811565,36722.49625661942,9150.718490781326,306043.3825076155
2024-03,Akaki Kality,27.5840538707452,0.00707020922870006,0.007144781442430226,0.007160273618545597,1664.1659959630529,593991.5332946777,1458805.890458251,2.0,5526607.582092061,365328.0545006475,27209144.290578924,40003.522123153525,1773640.419496487,258835.6863758007,54297.55343784546,1750.3353404954569,55487.577655745874,26543.91274598913,83102.65505169929,830728.46839836
2024-03,Arada,26.893340880167862,0.0005499989506705223,0.0005576615372558289,0.0005541980996026559,283.3206868237919,131295.751953125,154371.31172405052,6.0,0.0,76650.35488586953,4659425.09783472,1932.0280105111356,0.0,0.0,25369.9562524495,0.0,0.0,19406.190678522504,8199.53802469422,79045.1466208676
2024-03,Bole,26.624909889281422,0.004230419665750964,0.004252228543594758,0.004251029497218547,2316.332889586412,598950.299621582,1126020.3433838214,24.0,896769.3893058358,580416.1541855597,18416451.08505943,10436.188026384647,4883618.38494601,648225.8212969821,101191.315213993,0.0,30499.410243706596,39549.62310854257,27027.424214939256,705045.2746982997
2024-03,Gulele,22.53341017295545,0.0017301384823239301,0.0017467190822621657,0.0017664598067101622,379.5149939774929,195311.67322921753,343757.35125622124,2.0,247.700025933823,22002.799475087588,7845656.90704623,16931.554441194912,0.0,7270.071742202093,13710.881867102697,0.0,13293.462951652262,20308.566843555647,8066.165702901882,192535.3826680482
2024-03,Kirkos,27.271125903917223,0.0012159616285168592,0.0012303963402534456,0.0012257309183474688,1223.603061401314,243732.50048828125,407445.71887208143,27.0,406792.8336762707,390906.811451437,8308279.97318338,0.0,65818.11835366307,0.0,82489.43161484491,0.0,0.0,21759.51109966339,28967.210286565973,173520.87515752186
2024-03,Kolfe Keraniyo,25.736862149582226,0.0035390733979597695,0.003575763400368353,0.0035774152696725356,1309.137425925246,608663.75390625,999778.8262524343,10.0,291846.42793674866,0.0,33497229.618138816,0.0,72822.25008760257,3254.004578879517,59088.20826516709,0.0,28389.786506119886,1999.0475906724823,21921.792401634888,802951.0311531086
2024-03,Lemi Kura,25.61309493647333,0.004338994997992909,0.004349726335993512,0.004361066380093976,1287.8453960921775,491759.59742736816,1077463.223131778,4.0,1712173.9962421947,0.0,33145748.589403372,0.0,1762514.6735988294,50492.57284487099,59290.56198237499,0.0,20492.203628489955,28991.1462658884,30113.67819436336,823739.0228125532
2024-03,Lideta,27.03190495543765,0.0007697928481708206,0.0007805330425475958,0.0007786426378797814,734.8151676709564,150432.6337890625,238256.11138927197,21.0,127401.41171582477,490441.68090575916,5697785.465824234,641539.5422013433,3.270979477047901,0.0,45984.5164421835,0.0,0.0,13274.699443375684,8543.116371212236,143381.56823950287
2024-03,Nifas Silk Lafto,26.449951650644525,0.0031886883132530427,0.0032164296597810248,0.003225387729952664,1310.618251868089,560603.6497802734,1020947.5290218766,8.0,814229.8479719026,0.0,29793604.541209195,10718.522802027,630510.8660664688,0.0,63965.89918432797,0.0,29480.131225656678,6031.665235660577,48983.06371372432,730069.9503519727
2024-03,Yeka,23.7543840612163,0.003135714566161907,0.0031305537088596146,0.0031369627420294133,830.7614224249303,420225.3050689697,629507.8244182687,8.0,6820.175402169005,22872.035526742056,19262047.908034045,0.0,39209.08000849748,120688.57037222979,32713.710225186594,0.0,0.0,51329.66061620474,19115.57412660214,406901.78687040746
2024-04,Addis Ketema,21.20766116451872,0.0012215880241043119,0.0012046089877164887,0.0012047096088771301,381.2083646111321,286949.806640625,413244.76971781626,6.0,215850.9702058304,265450.8900814801,10882491.456047973,82401.44393116132,0.0,0.0,21095.167212089207,0.0,6407.418335811565,36722.49625661942,9150.718490781326,306043.3825076155
2024-04,Akaki Kality,24.26244610093181,0.007338774352486693,0.007194905280867754,0.007212706696346385,1462.6875188626764,593991.5332946777,1458805.8904582507,2.0,5526607.582092061,365328.0545006475,27209144.290578924,40003.522123153525,1773640.419496487,258835.68637580072,54297.55343784546,1750.3353404954569,55487.577655745874,26543.91274598913,83102.65505169929,830728.46839836
2024-04,Arada,20.545442254939587,0.0004991526123768183,0.0004912816810526827,0.0004910443166496062,276.30978650377506,131295.751953125,154371.31172405052,6.0,0.0,76650.35488586953,4659425.09783472,1932.0280105111356,0.0,0.0,25369.9562524495,0.0,0.0,19406.190678522504,8199.53802469422,79045.1466208676
2024-04,Bole,22.062943917085693,0.004610528523176429,0.0044790716572871946,0.0044626059539543995,2013.0979360578003,598950.299621582,1126020.3433838214,24.0,896769.3893058358,580416.1541855597,18416451.08505943,10436.188026384649,4883618.38494601,648225.8212969821,101191.315213993,0.0,30499.410243706596,39549.62310854257,27027.424214939256,705045.2746982997
2024-04,Gulele,18.843024157418956,0.0016513740338497027,0.0016137021069708949,0.0016237622851277167,372.46350621061714,195311.67322921753,343757.35125622124,2.0,247.700025933823,22002.799475087588,7845656.90704623,16931.554441194912,0.0,7270.071742202093,13710.881867102697,0.0,13293.462951652262,20308.566843555647,8066.165702901882,192535.38266804823
2024-04,Kirkos,22.08520250393607,0.00120575780779427,0.0011732097284708994,0.0011661998008474612,963.7199896594934,243732.50048828125,407445.71887208143,27.0,406792.8336762707,390906.811451437,8308279.97318338,0.0,65818.11835366307,0.0,82489.43161484491,0.0,0.0,21759.51109966339,28967.210286565973,173520.87515752186
2024-04,Kolfe Keraniyo,22.142131066294045,0.0032714394226933457,0.003206367012551378,0.003206528580369009,1196.3569118140038,608663.75390625,999778.8262524343,10.0,291846.42793674866,0.0,33497229.618138816,0.0,72822.25008760257,3254.004578879517,59088.208265167086,0.0,28389.786506119886,1999.0475906724823,21921.792401634888,802951.0311531086
2024-04,Lemi Kura,20.903895374099214,0.0046697564018863425,0.004550254412633244,0.0045640036195212464,1230.2983255109245,491759.59742736816,1077463.223131778,4.0,1712173.9962421947,0.0,33145748.589403372,0.0,1762514.6735988294,50492.57284487099,59290.56198237499,0.0,20492.203628489955,28991.1462658884,30113.67819436336,823739.0228125532
2024-04,Lideta,22.145887572987625,0.0007090844187613022,0.0006951907680623236,0.0006960793791914261,549.4075210749754,150432.6337890625,238256.11138927197,21.0,127401.41171582477,490441.68090575916,5697785.465824234,641539.5422013435,3.270979477047901,0.0,45984.5164421835,0.0,0.0,13274.699443375684,8543.116371212236,143381.56823950287
2024-04,Nifas Silk Lafto,23.261253949736812,0.0031549038845478865,0.0030818604700725595,0.003087598803949158,1282.1229965927307,560603.6497802734,1020947.5290218766,8.0,814229.8479719026,0.0,29793604.541209195,10718.522802027,630510.8660664688,0.0,63965.89918432798,0.0,29480.131225656678,6031.665235660577,48983.06371372432,730069.9503519727
2024-04,Yeka,19.532269139910962,0.0031219427027990286,0.003031418783994611,0.003036060511948118,733.2990919567688,420225.3050689697,629507.8244182687,8.0,6820.175402169005,22872.035526742053,19262047.908034045,0.0,39209.08000849748,120688.57037222979,32713.710225186594,0.0,0.0,51329.66061620474,19115.57412660214,406901.78687040746
2024-05,Addis Ketema,25.493092795131624,0.0012390521686805862,0.001253418152148637,0.0012568309822881044,376.6806515517794,286949.806640625,413244.76971781626,6.0,215850.9702058304,265450.8900814801,10882491.456047973,82401.44393116132,0.0,0.0,21095.167212089207,0.0,6407.418335811565,36722.49625661942,9150.718490781326,306043.3825076155
2024-05,Akaki Kality,28.408443078883423,0.0072561976884866495,0.0072339057989376935,0.007248886144272251,1518.8870303644858,593991.5332946777,1458805.890458251,2.0,5526607.582092061,365328.0545006475,27209144.290578924,40003.522123153525,1773640.419496487,258835.6863758007,54297.55343784546,1750.3353404954569,55487.577655745874,26543.91274598913,83102.65505169929,830728.46839836
2024-05,Arada,26.65332552533328,0.0005123903099977585,0.0005151343898425122,0.0005141924623509922,252.60236403325126,131295.751953125,154371.31172405052,6.0,0.0,76650.35488586953,4659425.09783472,1932.0280105111356,0.0,0.0,25369.9562524495,0.0,0.0,19406.190678522504,8199.53802469422,79045.1466208676
2024-05,Bole,27.51555526777187,0.004347942455678377,0.004377932525084798,0.004369787686231987,1998.078191633235,598950.299621582,1126020.3433838214,24.0,896769.3893058358,580416.1541855597,18416451.08505943,10436.188026384647,4883618.38494601,648225.8212969821,101191.315213993,0.0,30499.410243706596,39549.62310854257,27027.424214939256,705045.2746982997
2024-05,Gulele,22.405362893712628,0.0016328835418625404,0.0016702167173142548,0.0016802422848067602,348.4113931519605,195311.67322921753,343757.35125622124,2.0,247.700025933823,22002.799475087588,7845656.90704623,16931.554441194912,0.0,7270.071742202093,13710.881867102697,0.0,13293.462951652262,20308.566843555647,8066.165702901882,192535.3826680482
2024-05,Kirkos,27.616817469124275,0.0011943565796835006,0.001202861539401441,0.0011986247786471389,894.5487737150125,243732.50048828125,407445.71887208143,27.0,406792.8336762707,390906.811451437,8308279.97318338,0.0,65818.11835366307,0.0,82489.43161484491,0.0,0.0,21759.51109966339,28967.210286565973,173520.87515752186
2024-05,Kolfe Keraniyo,26.32137808922902,0.003450960217620556,0.003460118033944486,0.003460998506209057,1122.769529886662,608663.75390625,999778.8262524343,10.0,291846.42793674866,0.0,33497229.618138816,0.0,72822.25008760257,3254.004578879517,59088.20826516709,0.0,28389.786506119886,1999.0475906724823,21921.792401634888,802951.0311531086
2024-05,Lemi Kura,26.188860814992434,0.004405080644350538,0.0044556450136387085,0.004469254131853,1187.7537376741843,491759.59742736816,1077463.223131778,4.0,1712173.9962421947,0.0,33145748.589403372,0.0,1762514.6735988294,50492.57284487099,59290.56198237499,0.0,20492.203628489955,28991.1462658884,30113.67819436336,823739.0228125532
2024-05,Lideta,27.029863740945306,0.0007258232904300681,0.0007261551545047077,0.0007264925763325594,498.0008723697965,150432.6337890625,238256.11138927197,21.0,127401.41171582477,490441.68090575916,5697785.465824234,641539.5422013433,3.270979477047901,0.0,45984.5164421835,0.0,0.0,13274.699443375684,8543.116371212236,143381.56823950287
2024-05,Nifas Silk Lafto,28.06593115431693,0.003320976984846608,0.0033414106055684235,0.0033437929399433206,1141.7692386329543,560603.6497802734,1020947.5290218766,8.0,814229.8479719026,0.0,29793604.541209195,10718.522802027,630510.8660664688,0.0,63965.89918432797,0.0,29480.131225656678,6031.665235660577,48983.06371372432,730069.9503519727
2024-05,Yeka,23.689138030643655,0.0031041331267833614,0.003159658695924269,0.003164872721388539,713.4434294897977,420225.3050689697,629507.8244182687,8.0,6820.175402169005,22872.035526742056,19262047.908034045,0.0,39209.08000849748,120688.57037222979,32713.710225186594,0.0,0.0,51329.66061620474,19115.57412660214,406901.78687040746
2024-06,Addis Ketema,23.180443158665632,0.0012176849095619357,0.0012100071489926385,0.0012122710878601773,444.34982484499614,286949.806640625,413244.76971781626,6.0,215850.9702058304,265450.8900814801,10882491.456047973,82401.44393116132,0.0,0.0,21095.167212089207,0.0,6407.418335811565,36722.49625661942,9150.718490781326,306043.3825076155
2024-06,Akaki Kality,26.36924906678256,0.007559605677749355,0.007578546831482757,0.0076042577967209545,1849.9104297921392,593991.5332946777,1458805.8904582507,2.0,5526607.582092061,365328.0545006475,27209144.290578924,40003.522123153525,1773640.419496487,258835.68637580072,54297.55343784546,1750.3353404954569,55487.577655745874,26543.91274598913,83102.65505169929,830728.46839836
2024-06,Arada,23.707714089083872,0.0005141588854921891,0.0005093456721817222,0.0005072064487307564,292.75554961681365,131295.751953125,154371.31172405052,6.0,0.0,76650.35488586953,4659425.09783472,1932.0280105111356,0.0,0.0,25369.9562524495,0.0,0.0,19406.190678522504,8199.53802469422,79045.1466208676
2024-06,Bole,25.223067309660635,0.0046372178365938245,0.004648341506982106,0.004635139878642568,2340.322252445221,598950.299621582,1126020.3433838214,24.0,896769.3893058358,580416.1541855597,18416451.08505943,10436.188026384649,4883618.38494601,648225.8212969821,101191.315213993,0.0,30499.410243706596,39549.62310854257,27027.424214939256,705045.2746982997
2024-06,Gulele,20.477233441545422,0.0017067101972387127,0.0016990419289996104,0.0017019076409007239,382.41921795540384,195311.67322921753,343757.35125622124,2.0,247.700025933823,22002.799475087588,7845656.90704623,16931.554441194912,0.0,7270.071742202093,13710.881867102697,0.0,13293.462951652262,20308.566843555647,8066.165702901882,192535.38266804823
2024-06,Kirkos,25.074130303943015,0.001204627727439755,0.0012049142126809812,0.0011976027158249246,1066.6040624554953,243732.50048828125,407445.71887208143,27.0,406792.8336762707,390906.811451437,8308279.97318338,0.0,65818.11835366307,0.0,82489.43161484491,0.0,0.0,21759.51109966339,28967.210286565973,173520.87515752186
2024-06,Kolfe Keraniyo,23.74806567448346,0.0032017128883647565,0.003217737351848708,0.0032250606912129316,1305.6480087237887,608663.75390625,999778.8262524343,10.0,291846.42793674866,0.0,33497229.618138816,0.0,72822.25008760257,3254.004578879517,59088.208265167086,0.0,28389.786506119886,1999.0475906724823,21921.792401634888,802951.0311531086
2024-06,Lemi Kura,23.958835248827953,0.00472771743288994,0.004719559983172775,0.004738548528657899,1346.1498362080256,491759.59742736816,1077463.223131778,4.0,1712173.9962421947,0.0,33145748.589403372,0.0,1762514.6735988294,50492.57284487099,59290.56198237499,0.0,20492.203628489955,28991.1462658884,30113.67819436336,823739.0228125532
2024-06,Lideta,24.479246219519208,0.0007196213719237532,0.0007191628425685344,0.0007185977012889224,640.6562458144293,150432.6337890625,238256.11138927197,21.0,127401.41171582477,490441.68090575916,5697785.465824234,641539.5422013435,3.270979477047901,0.0,45984.5164421835,0.0,0.0,13274.699443375684,8543.116371212236,143381.56823950287
2024-06,Nifas Silk Lafto,25.835133696489592,0.0033177373767800176,0.0033317562917377403,0.0033301335688368837,1426.0435623115964,560603.6497802734,1020947.5290218766,8.0,814229.8479719026,0.0,29793604.541209195,10718.522802027,630510.8660664688,0.0,63965.89918432798,0.0,29480.131225656678,6031.665235660577,48983.06371372432,730069.9503519727
2024-06,Yeka,21.575585700405387,0.003202776438582333,0.0031925967437342775,0.003192050051126906,817.0240775391791,420225.3050689697,629507.8244182687,8.0,6820.175402169005,22872.035526742053,19262047.908034045,0.0,39209.08000849748,120688.57037222979,32713.710225186594,0.0,0.0,51329.66061620474,19115.57412660214,406901.78687040746
2024-07,Addis Ketema,18.148180350448307,0.0010337459157308691,0.0010446691351742245,0.001047336462398879,511.564373811086,286949.806640625,413244.76971781626,6.0,215850.9702058304,265450.8900814801,10882491.456047973,82401.44393116132,0.0,0.0,21095.167212089207,0.0,6407.418335811565,36722.49625661942,9150.718490781326,306043.3825076155
2024-07,Akaki Kality,20.78832584371908,0.007116929302513182,0.007175611514023699,0.007186966536433418,2161.1567114014756,593991.5332946777,1458805.890458251,2.0,5526607.582092061,365328.0545006475,27209144.290578924,40003.522123153525,1773640.419496487,258835.6863758007,54297.55343784546,1750.3353404954569,55487.577655745874,26543.91274598913,83102.65505169929,830728.46839836
2024-07,Arada,18.05345366427575,0.00042574792762193925,0.00043305138306505835,0.0004348707813767278,281.3451280535923,131295.751953125,154371.31172405052,6.0,0.0,76650.35488586953,4659425.09783472,1932.0280105111356,0.0,0.0,25369.9562524495,0.0,0.0,19406.190678522504,8199.53802469422,79045.1466208676
2024-07,Bole,19.663977696337067,0.004411749205705261,0.004449066286071187,0.004436168137004878,2513.804579227081,598950.299621582,1126020.3433838214,24.0,896769.3893058358,580416.1541855597,18416451.08505943,10436.188026384647,4883618.38494601,648225.8212969821,101191.315213993,0.0,30499.410243706596,39549.62310854257,27027.424214939256,705045.2746982997
2024-07,Gulele,16.518683763166198,0.001464474713964547,0.0014682360933959606,0.0014764367294463848,369.2149247545059,195311.67322921753,343757.35125622124,2.0,247.700025933823,22002.799475087588,7845656.90704623,16931.554441194912,0.0,7270.071742202093,13710.881867102697,0.0,13293.462951652262,20308.566843555647,8066.165702901882,192535.3826680482
2024-07,Kirkos,19.24702261656634,0.0010355730092700144,0.00105122904623286,0.0010497078906122896,1150.2885280698538,243732.50048828125,407445.71887208143,27.0,406792.8336762707,390906.811451437,8308279.97318338,0.0,65818.11835366307,0.0,82489.43161484491,0.0,0.0,21759.51109966339,28967.210286565973,173520.87515752186
2024-07,Kolfe Keraniyo,19.163724808749805,0.002745192522557566,0.0027851564072088183,0.002793876916038602,1439.8799811341407,608663.75390625,999778.8262524343,10.0,291846.42793674866,0.0,33497229.618138816,0.0,72822.25008760257,3254.004578879517,59088.20826516709,0.0,28389.786506119886,1999.0475906724823,21921.792401634888,802951.0311531086
2024-07,Lemi Kura,18.69484349292665,0.004861577310934834,0.0048586109326259385,0.004873934953511101,1503.8523027616518,491759.59742736816,1077463.223131778,4.0,1712173.9962421947,0.0,33145748.589403372,0.0,1762514.6735988294,50492.57284487099,59290.56198237499,0.0,20492.203628489955,28991.1462658884,30113.67819436336,823739.0228125532
2024-07,Lideta,18.700347616883537,0.000601589091672613,0.0006130656134299931,0.0006116980882257438,616.037875485917,150432.6337890625,238256.11138927197,21.0,127401.41171582477,490441.68090575916,5697785.465824234,641539.5422013433,3.270979477047901,0.0,45984.5164421835,0.0,0.0,13274.699443375684,8543.116371212236,143381.56823950287
2024-07,Nifas Silk Lafto,20.11248276274879,0.0028756340692417744,0.0029153785326908625,0.0029185227579870215,1567.1045447783006,560603.6497802734,1020947.5290218766,8.0,814229.8479719026,0.0,29793604.541209195,10718.522802027,630510.8660664688,0.0,63965.89918432797,0.0,29480.131225656678,6031.665235660577,48983.06371372432,730069.9503519727
2024-07,Yeka,17.275268947748824,0.003012283825106145,0.003034868949633828,0.0030336392897517225,796.4592439833062,420225.3050689697,629507.8244182687,8.0,6820.175402169005,22872.035526742056,19262047.908034045,0.0,39209.08000849748,120688.57037222979,32713.710225186594,0.0,0.0,51329.66061620474,19115.57412660214,406901.78687040746
2024-08,Addis Ketema,18.405116367829812,0.0009496767414128358,0.0009458556528260579,0.0009483810804099701,430.92269236804947,286949.806640625,413244.76971781626,6.0,215850.9702058304,265450.8900814801,10882491.456047973,82401.44393116132,0.0,0.0,21095.167212089207,0.0,6407.418335811565,36722.49625661942,9150.718490781326,306043.3825076155
2024-08,Akaki Kality,21.755722849940888,0.006464652209389681,0.006444543039928699,0.006446207586960489,2138.327046185402,593991.5332946777,1458805.890458251,2.0,5526607.582092061,365328.0545006475,27209144.290578924,40003.522123153525,1773640.419496487,258835.6863758007,54297.55343784546,1750.3353404954569,55487.577655745874,26543.91274598913,83102.65505169929,830728.46839836
2024-08,Arada,19.327825547346396,0.0004129988222665494,0.000410614815757743,0.00040952340987974057,247.70045011194927,131295.751953125,154371.31172405052,6.0,0.0,76650.35488586953,4659425.09783472,1932.0280105111356,0.0,0.0,25369.9562524495,0.0,0.0,19406.190678522504,8199.53802469422,79045.1466208676
2024-08,Bole,22.033159437178906,0.003818838701789006,0.0038148238794380434,0.003816861941898566,2286.244001727571,598950.299621582,1126020.3433838214,24.0,896769.3893058358,580416.1541855597,18416451.08505943,10436.188026384647,4883618.38494601,648225.8212969821,101191.315213993,0.0,30499.410243706596,39549.62310854257,27027.424214939256,705045.2746982997
2024-08,Gulele,16.555134788896122,0.0013814239457971454,0.0013845500349577574,0.0013876308169719286,372.5157973246367,195311.67322921753,343757.35125622124,2.0,247.700025933823,22002.799475087588,7845656.90704623,16931.554441194912,0.0,7270.071742202093,13710.881867102697,0.0,13293.462951652262,20308.566843555647,8066.165702901882,192535.3826680482
2024-08,Kirkos,22.453086836964204,0.0009575177316402181,0.0009463455497227099,0.0009429249075339303,948.6104921338191,243732.50048828125,407445.71887208143,27.0,406792.8336762707,390906.811451437,8308279.97318338,0.0,65818.11835366307,0.0,82489.43161484491,0.0,0.0,21759.51109966339,28967.210286565973,173520.87515752186
2024-08,Kolfe Keraniyo,20.08354179005244,0.0024647110165039792,0.0024469562838716915,0.002455473266198195,1202.2335736653793,608663.75390625,999778.8262524343,10.0,291846.42793674866,0.0,33497229.618138816,0.0,72822.25008760257,3254.004578879517,59088.20826516709,0.0,28389.786506119886,1999.0475906724823,21921.792401634888,802951.0311531086
2024-08,Lemi Kura,19.913230700720877,0.004396854757953869,0.004457948146892365,0.004459175038678064,1466.9149705413415,491759.59742736816,1077463.223131778,4.0,1712173.9962421947,0.0,33145748.589403372,0.0,1762514.6735988294,50492.57284487099,59290.56198237499,0.0,20492.203628489955,28991.1462658884,30113.67819436336,823739.0228125532
2024-08,Lideta,21.329647236681822,0.0005808857455413775,0.0005723046472686823,0.0005690214049814845,517.9342379437553,150432.6337890625,238256.11138927197,21.0,127401.41171582477,490441.68090575916,5697785.465824234,641539.5422013433,3.270979477047901,0.0,45984.5164421835,0.0,0.0,13274.699443375684,8543.116371212236,143381.56823950287
2024-08,Nifas Silk Lafto,22.546508960020134,0.002538019332633812,0.002514229024669267,0.002519199725654276,1361.3361134756178,560603.6497802734,1020947.5290218766,8.0,814229.8479719026,0.0,29793604.541209195,10718.522802027,630510.8660664688,0.0,63965.89918432797,0.0,29480.131225656678,6031.665235660577,48983.06371372432,730069.9503519727
2024-08,Yeka,18.13576713560529,0.0028089130642658085,0.002826930040137824,0.00282426440413519,797.6695536500018,420225.3050689697,629507.8244182687,8.0,6820.175402169005,22872.035526742056,19262047.908034045,0.0,39209.08000849748,120688.57037222979,32713.710225186594,0.0,0.0,51329.66061620474,19115.57412660214,406901.78687040746
2024-09,Addis Ketema,23.917934997125137,0.0009854774540331759,0.0009951167225285109,0.0009941380324525488,440.2917693297068,286949.806640625,413244.76971781626,6.0,215850.9702058304,265450.8900814801,10882491.456047973,82401.44393116132,0.0,0.0,21095.167212089207,0.0,6407.418335811565,36722.49625661942,9150.718490781326,306043.3825076155
2024-09,Akaki Kality,25.210802162761038,0.005598328250429916,0.005659548822307486,0.005663191005115493,2083.005303011883,593991.5332946777,1458805.8904582507,2.0,5526607.582092061,365328.0545006475,27209144.290578924,40003.522123153525,1773640.419496487,258835.68637580072,54297.55343784546,1750.3353404954569,55487.577655745874,26543.91274598913,83102.65505169929,830728.46839836
2024-09,Arada,24.704471574768874,0.0003672789649963912,0.00037434688853786455,0.0003745424616183527,326.3944949852096,131295.751953125,154371.31172405052,6.0,0.0,76650.35488586953,4659425.09783472,1932.0280105111356,0.0,0.0,25369.9562524495,0.0,0.0,19406.190678522504,8199.53802469422,79045.1466208676
2024-09,Bole,26.049217058202775,0.0031400454192702008,0.003200818719044435,0.003200023481042515,2870.462603666385,598950.299621582,1126020.3433838214,24.0,896769.3893058358,580416.1541855597,18416451.08505943,10436.188026384649,4883618.38494601,648225.8212969821,101191.315213993,0.0,30499.410243706596,39549.62310854257,27027.424214939256,705045.2746982997
2024-09,Gulele,21.266202171130168,0.0013262591165481366,0.0013488778037633673,0.001348211086956379,340.84975389276593,195311.67322921753,343757.35125622124,2.0,247.700025933823,22002.799475087588,7845656.90704623,16931.554441194912,0.0,7270.071742202093,13710.881867102697,0.0,13293.462951652262,20308.566843555647,8066.165702901882,192535.38266804823
2024-09,Kirkos,26.286982441318195,0.0008057684684285986,0.0008253451748626099,0.0008255745445022536,1194.1479870080948,243732.50048828125,407445.71887208143,27.0,406792.8336762707,390906.811451437,8308279.97318338,0.0,65818.11835366307,0.0,82489.43161484491,0.0,0.0,21759.51109966339,28967.210286565973,173520.87515752186
2024-09,Kolfe Keraniyo,24.669886269814764,0.0025756363321541203,0.0025973971376669516,0.002596786703111896,1178.6033681604597,608663.75390625,999778.8262524343,10.0,291846.42793674866,0.0,33497229.618138816,0.0,72822.25008760257,3254.004578879517,59088.208265167086,0.0,28389.786506119886,1999.0475906724823,21921.792401634888,802951.0311531086
2024-09,Lemi Kura,23.789977890883243,0.0034692437513816174,0.0035094313830817798,0.0035127095419309716,1543.8941508707476,491759.59742736816,1077463.223131778,4.0,1712173.9962421947,0.0,33145748.589403372,0.0,1762514.6735988294,50492.57284487099,59290.56198237499,0.0,20492.203628489955,28991.1462658884,30113.67819436336,823739.0228125532
2024-09,Lideta,26.07068184902262,0.0005167234080394785,0.0005288623089336741,0.0005254115891472432,656.4489990481624,150432.6337890625,238256.11138927197,21.0,127401.41171582477,490441.68090575916,5697785.465824234,641539.5422013435,3.270979477047901,0.0,45984.5164421835,0.0,0.0,13274.699443375684,8543.116371212236,143381.56823950287
2024-09,Nifas Silk Lafto,25.98043850490708,0.0023723763323793266,0.0024030856014427065,0.002406932640474005,1342.6725511912946,560603.6497802734,1020947.5290218766,8.0,814229.8479719026,0.0,29793604.541209195,10718.522802027,630510.8660664688,0.0,63965.89918432798,0.0,29480.131225656678,6031.665235660577,48983.06371372432,730069.9503519727
2024-09,Yeka,21.860995468402717,0.002285572481430125,0.0023177317359509794,0.002322503019767041,992.5904803357259,420225.3050689697,629507.8244182687,8.0,6820.175402169005,22872.035526742053,19262047.908034045,0.0,39209.08000849748,120688.57037222979,32713.710225186594,0.0,0.0,51329.66061620474,19115.57412660214,406901.78687040746
2024-10,Addis Ketema,22.40434997751797,0.0010233159563904433,0.001012183763064266,0.0010094403263273156,417.57597520773226,286949.806640625,413244.76971781626,6.0,215850.9702058304,265450.8900814801,10882491.456047973,82401.44393116132,0.0,0.0,21095.167212089207,0.0,6407.418335811565,36722.49625661942,9150.718490781326,306043.3825076155
2024-10,Akaki Kality,23.794728514617763,0.005788431948857758,0.005782352288106471,0.005780778677745078,2359.6861690148785,593991.5332946777,1458805.890458251,2.0,5526607.582092061,365328.0545006475,27209144.290578924,40003.522123153525,1773640.419496487,258835.6863758007,54297.55343784546,1750.3353404954569,55487.577655745874,26543.91274598913,83102.65505169929,830728.46839836
2024-10,Arada,23.42499698392074,0.00038990417773895035,0.0003855825859520297,0.0003861133385869323,390.9798985299392,131295.751953125,154371.31172405052,6.0,0.0,76650.35488586953,4659425.09783472,1932.0280105111356,0.0,0.0,25369.9562524495,0.0,0.0,19406.190678522504,8199.53802469422,79045.1466208676
2024-10,Bole,24.035071114166282,0.0031040145643715313,0.003087082534914733,0.0030896448777929094,3248.2288290504207,598950.299621582,1126020.3433838214,24.0,896769.3893058358,580416.1541855597,18416451.08505943,10436.188026384647,4883618.38494601,648225.8212969821,101191.315213993,0.0,30499.410243706596,39549.62310854257,27027.424214939256,705045.2746982997
2024-10,Gulele,18.45833243434873,0.0013141686013171299,0.0012960400894398848,0.001307461678869848,363.1249275640341,195311.67322921753,343757.35125622124,2.0,247.700025933823,22002.799475087588,7845656.90704623,16931.554441194912,0.0,7270.071742202093,13710.881867102697,0.0,13293.462951652262,20308.566843555647,8066.165702901882,192535.3826680482
2024-10,Kirkos,25.091170282813465,0.0008928459350607204,0.0008863194650059202,0.0008837517561477966,1365.0146740109492,243732.50048828125,407445.71887208143,27.0,406792.8336762707,390906.811451437,8308279.97318338,0.0,65818.11835366307,0.0,82489.43161484491,0.0,0.0,21759.51109966339,28967.210286565973,173520.87515752186
2024-10,Kolfe Keraniyo,23.421476759113148,0.0026714570178860476,0.002649823526111488,0.002650789089523885,1211.621380328098,608663.75390625,999778.8262524343,10.0,291846.42793674866,0.0,33497229.618138816,0.0,72822.25008760257,3254.004578879517,59088.20826516709,0.0,28389.786506119886,1999.0475906724823,21921.792401634888,802951.0311531086
2024-10,Lemi Kura,22.250159509673143,0.003333525433741865,0.0033288075630610713,0.003333223820537109,1378.7890655300444,491759.59742736816,1077463.223131778,4.0,1712173.9962421947,0.0,33145748.589403372,0.0,1762514.6735988294,50492.57284487099,59290.56198237499,0.0,20492.203628489955,28991.1462658884,30113.67819436336,823739.0228125532
2024-10,Lideta,24.852159402261506,0.0005597039859953425,0.0005544981936397305,0.0005527466147073618,753.6173878240788,150432.6337890625,238256.11138927197,21.0,127401.41171582477,490441.68090575916,5697785.465824234,641539.5422013433,3.270979477047901,0.0,45984.5164421835,0.0,0.0,13274.699443375684,8543.116371212236,143381.56823950287
2024-10,Nifas Silk Lafto,25.037918734237007,0.002512172696785571,0.0024991763900904917,0.0024998848170843446,1527.7277582160427,560603.6497802734,1020947.5290218766,8.0,814229.8479719026,0.0,29793604.541209195,10718.522802027,630510.8660664688,0.0,63965.89918432797,0.0,29480.131225656678,6031.665235660577,48983.06371372432,730069.9503519727
2024-10,Yeka,20.64623761718887,0.00232143392575964,0.0023097564638215203,0.0023111334740278182,1188.3009620945677,420225.3050689697,629507.8244182687,8.0,6820.175402169005,22872.035526742056,19262047.908034045,0.0,39209.08000849748,120688.57037222979,32713.710225186594,0.0,0.0,51329.66061620474,19115.57412660214,406901.78687040746
2024-11,Addis Ketema,26.12106748333174,0.0015337954755902728,0.0015203576056119117,0.0015137776732636796,628.2701855670838,286949.806640625,413244.76971781626,6.0,215850.9702058304,265450.8900814801,10882491.456047973,82401.44393116132,0.0,0.0,21095.167212089207,0.0,6407.418335811565,36722.49625661942,9150.718490781326,306043.3825076155
2024-11,Akaki Kality,26.22830740360468,0.006749376805637921,0.006699130541589702,0.0067115679854534375,2534.7934267929354,593991.5332946777,1458805.8904582507,2.0,5526607.582092061,365328.0545006475,27209144.290578924,40003.522123153525,1773640.419496487,258835.68637580072,54297.55343784546,1750.3353404954569,55487.577655745874,26543.91274598913,83102.65505169929,830728.46839836
2024-11,Arada,27.806114627432024,0.0005730145021104104,0.0005687374142382504,0.0005624973820377003,507.70110180264425,131295.751953125,154371.31172405052,6.0,0.0,76650.35488586953,4659425.09783472,1932.0280105111356,0.0,0.0,25369.9562524495,0.0,0.0,19406.190678522504,8199.53802469422,79045.1466208676
2024-11,Bole,27.10340278784889,0.004089176752835675,0.0040575596239045605,0.004059131559697664,3924.3002256353698,598950.299621582,1126020.3433838214,24.0,896769.3893058358,580416.1541855597,18416451.08505943,10436.188026384649,4883618.38494601,648225.8212969821,101191.315213993,0.0,30499.410243706596,39549.62310854257,27027.424214939256,705045.2746982997
2024-11,Gulele,21.07728540517544,0.0018479059343728575,0.001835411183822178,0.0018475257343133463,510.58231395293797,195311.67322921753,343757.35125622124,2.0,247.700025933823,22002.799475087588,7845656.90704623,16931.554441194912,0.0,7270.071742202093,13710.881867102697,0.0,13293.462951652262,20308.566843555647,8066.165702901882,192535.38266804823
2024-11,Kirkos,27.862648045600803,0.001264767186893505,0.0012520240950679089,0.0012434054878868923,1754.2746154921397,243732.50048828125,407445.71887208143,27.0,406792.8336762707,390906.811451437,8308279.97318338,0.0,65818.11835366307,0.0,82489.43161484491,0.0,0.0,21759.51109966339,28967.210286565973,173520.87515752186
2024-11,Kolfe Keraniyo,25.749728313402223,0.003841471298749379,0.0038066309439389627,0.003810020952758523,1812.0872727235158,608663.75390625,999778.8262524343,10.0,291846.42793674866,0.0,33497229.618138816,0.0,72822.25008760257,3254.004578879517,59088.208265167086,0.0,28389.786506119886,1999.0475906724823,21921.792401634888,802951.0311531086
2024-11,Lemi Kura,25.256968597689447,0.004011504071796277,0.0039908301403476865,0.004005147644932319,1888.6781731456044,491759.59742736816,1077463.223131778,4.0,1712173.9962421947,0.0,33145748.589403372,0.0,1762514.6735988294,50492.57284487099,59290.56198237499,0.0,20492.203628489955,28991.1462658884,30113.67819436336,823739.0228125532
2024-11,Lideta,28.008114586526993,0.0008276869561876371,0.0008213991645582643,0.000817830911905873,1066.4412691555326,150432.6337890625,238256.11138927197,21.0,127401.41171582477,490441.68090575916,5697785.465824234,641539.5422013435,3.270979477047901,0.0,45984.5164421835,0.0,0.0,13274.699443375684,8543.116371212236,143381.56823950287
2024-11,Nifas Silk Lafto,26.847905919394854,0.0033040402242720847,0.00327475468462673,0.0032789225779702932,1818.8503983924313,560603.6497802734,1020947.5290218766,8.0,814229.8479719026,0.0,29793604.541209195,10718.522802027,630510.8660664688,0.0,63965.89918432798,0.0,29480.131225656678,6031.665235660577,48983.06371372432,730069.9503519727
2024-11,Yeka,23.74197974827912,0.003039832875034226,0.003030884041596007,0.0030407233746414107,1251.8459945622653,420225.3050689697,629507.8244182687,8.0,6820.175402169005,22872.035526742053,19262047.908034045,0.0,39209.08000849748,120688.57037222979,32713.710225186594,0.0,0.0,51329.66061620474,19115.57412660214,406901.78687040746
2024-12,Addis Ketema,26.31369230769234,0.0020593026603617096,0.0020400587850392554,0.002033531896862123,510.79134754980765,286949.806640625,413244.76971781626,6.0,215850.9702058304,265450.8900814801,10882491.456047973,82401.44393116132,0.0,0.0,21095.167212089207,0.0,6407.418335811565,36722.49625661942,9150.718490781326,306043.3825076155
2024-12,Akaki Kality,27.90135284691542,0.008141996717698927,0.008102394622286383,0.00812268580826598,2399.113257690303,593991.5332946777,1458805.890458251,2.0,5526607.582092061,365328.0545006475,27209144.290578924,40003.522123153525,1773640.419496487,258835.6863758007,54297.55343784546,1750.3353404954569,55487.577655745874,26543.91274598913,83102.65505169929,830728.46839836
2024-12,Arada,27.665192307692337,0.0007912371851738872,0.0007818354573998279,0.000778517256534982,530.0389176440495,131295.751953125,154371.31172405052,6.0,0.0,76650.35488586953,4659425.09783472,1932.0280105111356,0.0,0.0,25369.9562524495,0.0,0.0,19406.190678522504,8199.53802469422,79045.1466208676
2024-12,Bole,27.63723720304923,0.0052857441092296654,0.0052408198767859996,0.005240477426642439,3814.0380176921044,598950.299621582,1126020.3433838214,24.0,896769.3893058358,580416.1541855597,18416451.08505943,10436.188026384647,4883618.38494601,648225.8212969821,101191.315213993,0.0,30499.410243706596,39549.62310854257,27027.424214939256,705045.2746982997
2024-12,Gulele,21.690412087912115,0.0024319258850931096,0.0024111952533955754,0.0024439409865132525,412.28380702942025,195311.67322921753,343757.35125622124,2.0,247.700025933823,22002.799475087588,7845656.90704623,16931.554441194912,0.0,7270.071742202093,13710.881867102697,0.0,13293.462951652262,20308.566843555647,8066.165702901882,192535.3826680482
2024-12,Kirkos,27.838119658119687,0.001721944769438146,0.00170332351822776,0.0016955281175400209,1846.3835166192823,243732.50048828125,407445.71887208143,27.0,406792.8336762707,390906.811451437,8308279.97318338,0.0,65818.11835366307,0.0,82489.43161484491,0.0,0.0,21759.51109966339,28967.210286565973,173520.87515752186
2024-12,Kolfe Keraniyo,26.654719286984637,0.0054416984400024754,0.005385459569395672,0.005388567149440854,1578.0849611084093,608663.75390625,999778.8262524343,10.0,291846.42793674866,0.0,33497229.618138816,0.0,72822.25008760257,3254.004578879517,59088.20826516709,0.0,28389.786506119886,1999.0475906724823,21921.792401634888,802951.0311531086
2024-12,Lemi Kura,26.381254812287764,0.004911269818900277,0.004868089955829798,0.004911167462190084,1743.332499760133,491759.59742736816,1077463.223131778,4.0,1712173.9962421947,0.0,33145748.589403372,0.0,1762514.6735988294,50492.57284487099,59290.56198237499,0.0,20492.203628489955,28991.1462658884,30113.67819436336,823739.0228125532
2024-12,Lideta,28.086923076923107,0.0011343429064275849,0.0011200231283629183,0.0011140732722619902,1077.3063599507868,150432.6337890625,238256.11138927197,21.0,127401.41171582477,490441.68090575916,5697785.465824234,641539.5422013433,3.270979477047901,0.0,45984.5164421835,0.0,0.0,13274.699443375684,8543.116371212236,143381.56823950287
2024-12,Nifas Silk Lafto,27.520552872894722,0.004498077670456024,0.004454513355537379,0.004466416675501785,1674.5001275859854,560603.6497802734,1020947.5290218766,8.0,814229.8479719026,0.0,29793604.541209195,10718.522802027,630510.8660664688,0.0,63965.89918432797,0.0,29480.131225656678,6031.665235660577,48983.06371372432,730069.9503519727
2024-12,Yeka,24.25900284900288,0.0041291403219626795,0.004070821973901078,0.004079653307541083,1154.5965980198034,420225.3050689697,629507.8244182687,8.0,6820.175402169005,22872.035526742056,19262047.908034045,0.0,39209.08000849748,120688.57037222979,32713.710225186594,0.0,0.0,51329.66061620474,19115.57412660214,406901.78687040746
