month,ADM3_EN,LST_day_mean,no2_mean,no2_lag1,no2_neighbor_lag1,NTL_mean,pop_sum_m,road_len,poi_count,lu_industrial_area,lu_commercial_area,lu_residential_area,lu_retail_area,lu_farmland_area,lu_farmyard_area,road_primary_len,road_motorway_len,road_trunk_len,road_secondary_len,road_tertiary_len,road_residential_len,month,ADM3_EN,export,export-raw
Jan-23,Addis Ketema,27.60879,0.001486506,0.001498895,0.001495163,389.4032862,280921.7148,413244.7697,6,215850.9702,265450.8901,10882491.46,82401.44393,0,0,21095.16721,0,6407.418336,36722.49626,9150.718491,306043.3825,Jan-23,Addis Ketema,0,0
Feb-23,Addis Ketema,31.59534983,0.001520919,0.001513974,0.001510097,376.9904093,280921.7148,413244.7697,6,215850.9702,265450.8901,10882491.46,82401.44393,0,0,21095.16721,0,6407.418336,36722.49626,9150.718491,306043.3825,Feb-23,Addis Ketema,0,0
Mar-23,Addis Ketema,23.49425267,0.001369231,0.001382248,0.001375191,273.7904376,280921.7148,413244.7697,6,215850.9702,265450.8901,10882491.46,82401.44393,0,0,21095.16721,0,6407.418336,36722.49626,9150.718491,306043.3825,Mar-23,Addis Ketema,0,0
Apr-23,Addis Ketema,23.74811759,0.001210062,0.00120446,0.00120088,308.7099786,280921.7148,413244.7697,6,215850.9702,265450.8901,10882491.46,82401.44393,0,0,21095.16721,0,6407.418336,36722.49626,9150.718491,306043.3825,Apr-23,Addis Ketema,0,0
May-23,Addis Ketema,22.80139719,0.001179378,0.001170972,0.001172529,307.9331534,280921.7148,413244.7697,6,215850.9702,265450.8901,10882491.46,82401.44393,0,0,21095.16721,0,6407.418336,36722.49626,9150.718491,306043.3825,May-23,Addis Ketema,0,0
Jun-23,Addis Ketema,22.67370723,0.001183745,0.001187973,0.001190183,285.1903123,280921.7148,413244.7697,6,215850.9702,265450.8901,10882491.46,82401.44393,0,0,21095.16721,0,6407.418336,36722.49626,9150.718491,306043.3825,Jun-23,Addis Ketema,0,0
Jul-23,Addis Ketema,18.64214408,0.001160075,0.001188846,0.001188074,232.2316727,280921.7148,413244.7697,6,215850.9702,265450.8901,10882491.46,82401.44393,0,0,21095.16721,0,6407.418336,36722.49626,9150.718491,306043.3825,Jul-23,Addis Ketema,5436755.419,295848864.8
Aug-23,Addis Ketema,22.15770358,0.001257216,0.001219327,0.00122093,295.6343933,280921.7148,413244.7697,6,215850.9702,265450.8901,10882491.46,82401.44393,0,0,21095.16721,0,6407.418336,36722.49626,9150.718491,306043.3825,Aug-23,Addis Ketema,4674516.596,257632872.2
Sep-23,Addis Ketema,23.46178708,0.000981464,0.000998616,0.000997615,307.4745114,280921.7148,413244.7697,6,215850.9702,265450.8901,10882491.46,82401.44393,0,0,21095.16721,0,6407.418336,36722.49626,9150.718491,306043.3825,Sep-23,Addis Ketema,3652231.549,201624795.7
Oct-23,Addis Ketema,26.1235734,0.001050866,0.001045122,0.001041996,325.7647996,280921.7148,413244.7697,6,215850.9702,265450.8901,10882491.46,82401.44393,0,0,21095.16721,0,6407.418336,36722.49626,9150.718491,306043.3825,Oct-23,Addis Ketema,4096130.308,229824007.8
Nov-23,Addis Ketema,27.97047437,0.001270593,0.001259571,0.001254777,350.8744172,280921.7148,413244.7697,6,215850.9702,265450.8901,10882491.46,82401.44393,0,0,21095.16721,0,6407.418336,36722.49626,9150.718491,306043.3825,Nov-23,Addis Ketema,3789376.069,211013257
Dec-23,Addis Ketema,26.5079512,0.001757866,0.001768733,0.001771013,404.9980302,280921.7148,413244.7697,6,215850.9702,265450.8901,10882491.46,82401.44393,0,0,21095.16721,0,6407.418336,36722.49626,9150.718491,306043.3825,Dec-23,Addis Ketema,4013121.839,226614819.5
Jan-24,Addis Ketema,26.36872567,0.00163948,0.001627311,0.001627881,433.4840857,286949.8066,413244.7697,6,215850.9702,265450.8901,10882491.46,82401.44393,0,0,21095.16721,0,6407.418336,36722.49626,9150.718491,306043.3825,Jan-24,Addis Ketema,0,0
Feb-24,Addis Ketema,24.3603382,0.001443069,0.001442129,0.00143925,404.8774018,286949.8066,413244.7697,6,215850.9702,265450.8901,10882491.46,82401.44393,0,0,21095.16721,0,6407.418336,36722.49626,9150.718491,306043.3825,Feb-24,Addis Ketema,0,0
Mar-24,Addis Ketema,26.22576197,0.001351461,0.001370265,0.001367307,415.9053623,286949.8066,413244.7697,6,215850.9702,265450.8901,10882491.46,82401.44393,0,0,21095.16721,0,6407.418336,36722.49626,9150.718491,306043.3825,Mar-24,Addis Ketema,0,0
Apr-24,Addis Ketema,21.20766116,0.001221588,0.001204609,0.00120471,381.2083646,286949.8066,413244.7697,6,215850.9702,265450.8901,10882491.46,82401.44393,0,0,21095.16721,0,6407.418336,36722.49626,9150.718491,306043.3825,Apr-24,Addis Ketema,0,0
May-24,Addis Ketema,25.4930928,0.001239052,0.001253418,0.001256831,376.6806516,286949.8066,413244.7697,6,215850.9702,265450.8901,10882491.46,82401.44393,0,0,21095.16721,0,6407.418336,36722.49626,9150.718491,306043.3825,May-24,Addis Ketema,0,0
Jun-24,Addis Ketema,23.18044316,0.001217685,0.001210007,0.001212271,444.3498248,286949.8066,413244.7697,6,215850.9702,265450.8901,10882491.46,82401.44393,0,0,21095.16721,0,6407.418336,36722.49626,9150.718491,306043.3825,Jun-24,Addis Ketema,0,0
Jul-24,Addis Ketema,18.14818035,0.001033746,0.001044669,0.001047336,511.5643738,286949.8066,413244.7697,6,215850.9702,265450.8901,10882491.46,82401.44393,0,0,21095.16721,0,6407.418336,36722.49626,9150.718491,306043.3825,Jul-24,Addis Ketema,6508678.258,375948191.7
Aug-24,Addis Ketema,18.40511637,0.000949677,0.000945856,0.000948381,430.9226924,286949.8066,413244.7697,6,215850.9702,265450.8901,10882491.46,82401.44393,0,0,21095.16721,0,6407.418336,36722.49626,9150.718491,306043.3825,Aug-24,Addis Ketema,5588903.918,585608793
Sep-24,Addis Ketema,23.917935,0.000985477,0.000995117,0.000994138,440.2917693,286949.8066,413244.7697,6,215850.9702,265450.8901,10882491.46,82401.44393,0,0,21095.16721,0,6407.418336,36722.49626,9150.718491,306043.3825,Sep-24,Addis Ketema,5325696.701,602669129.9
Oct-24,Addis Ketema,22.40434998,0.001023316,0.001012184,0.00100944,417.5759752,286949.8066,413244.7697,6,215850.9702,265450.8901,10882491.46,82401.44393,0,0,21095.16721,0,6407.418336,36722.49626,9150.718491,306043.3825,Oct-24,Addis Ketema,5840596.49,701146147.6
Nov-24,Addis Ketema,26.12106748,0.001533795,0.001520358,0.001513778,628.2701856,286949.8066,413244.7697,6,215850.9702,265450.8901,10882491.46,82401.44393,0,0,21095.16721,0,6407.418336,36722.49626,9150.718491,306043.3825,Nov-24,Addis Ketema,5363581.195,656588703.4
Dec-24,Addis Ketema,26.31369231,0.002059303,0.002040059,0.002033532,510.7913475,286949.8066,413244.7697,6,215850.9702,265450.8901,10882491.46,82401.44393,0,0,21095.16721,0,6407.418336,36722.49626,9150.718491,306043.3825,Dec-24,Addis Ketema,5847427.431,742950293.3
Jan-23,Akaki Kality,30.08988821,0.007017672,0.007017295,0.007027149,1329.942826,577954.2466,1458805.89,2,5526607.582,365328.0545,27209144.29,40003.52212,1773640.419,258835.6864,54297.55344,1750.33534,55487.57766,26543.91275,83102.65505,830728.4684,Jan-23,Akaki Kality,0,0
Feb-23,Akaki Kality,33.48319841,0.006828124,0.006895373,0.006911346,1266.161591,577954.2466,1458805.89,2,5526607.582,365328.0545,27209144.29,40003.52212,1773640.419,258835.6864,54297.55344,1750.33534,55487.57766,26543.91275,83102.65505,830728.4684,Feb-23,Akaki Kality,0,0
Mar-23,Akaki Kality,25.06632574,0.007185601,0.007139491,0.00714038,1044.78406,577954.2466,1458805.89,2,5526607.582,365328.0545,27209144.29,40003.52212,1773640.419,258835.6864,54297.55344,1750.33534,55487.57766,26543.91275,83102.65505,830728.4684,Mar-23,Akaki Kality,0,0
Apr-23,Akaki Kality,27.75567052,0.007036349,0.006974979,0.006980518,1414.61688,577954.2466,1458805.89,2,5526607.582,365328.0545,27209144.29,40003.52212,1773640.419,258835.6864,54297.55344,1750.33534,55487.57766,26543.91275,83102.65505,830728.4684,Apr-23,Akaki Kality,0,0
May-23,Akaki Kality,25.81083351,0.006913361,0.006908874,0.006912396,1114.088113,577954.2466,1458805.89,2,5526607.582,365328.0545,27209144.29,40003.52212,1773640.419,258835.6864,54297.55344,1750.33534,55487.57766,26543.91275,83102.65505,830728.4684,May-23,Akaki Kality,0,0
Jun-23,Akaki Kality,24.48284623,0.007655038,0.007661226,0.007666834,1084.686861,577954.2466,1458805.89,2,5526607.582,365328.0545,27209144.29,40003.52212,1773640.419,258835.6864,54297.55344,1750.33534,55487.57766,26543.91275,83102.65505,830728.4684,Jun-23,Akaki Kality,0,0
Jul-23,Akaki Kality,21.2676652,0.007706129,0.007895097,0.007900016,1058.177274,577954.2466,1458805.89,2,5526607.582,365328.0545,27209144.29,40003.52212,1773640.419,258835.6864,54297.55344,1750.33534,55487.57766,26543.91275,83102.65505,830728.4684,Jul-23,Akaki Kality,7916343.336,430779207.3
Aug-23,Akaki Kality,23.3065527,0.007010069,0.00679558,0.00680295,1439.414481,577954.2466,1458805.89,2,5526607.582,365328.0545,27209144.29,40003.52212,1773640.419,258835.6864,54297.55344,1750.33534,55487.57766,26543.91275,83102.65505,830728.4684,Aug-23,Akaki Kality,6806463.683,375133717.4
Sep-23,Akaki Kality,24.76392128,0.005951826,0.006069051,0.006071873,1165.662656,577954.2466,1458805.89,2,5526607.582,365328.0545,27209144.29,40003.52212,1773640.419,258835.6864,54297.55344,1750.33534,55487.57766,26543.91275,83102.65505,830728.4684,Sep-23,Akaki Kality,5317936.28,293581554.6
Oct-23,Akaki Kality,27.44265682,0.006177295,0.006137166,0.006138022,1371.155582,577954.2466,1458805.89,2,5526607.582,365328.0545,27209144.29,40003.52212,1773640.419,258835.6864,54297.55344,1750.33534,55487.57766,26543.91275,83102.65505,830728.4684,Oct-23,Akaki Kality,5964287.773,334641824.5
Nov-23,Akaki Kality,27.83067898,0.006390348,0.006377945,0.006381968,1344.101744,577954.2466,1458805.89,2,5526607.582,365328.0545,27209144.29,40003.52212,1773640.419,258835.6864,54297.55344,1750.33534,55487.57766,26543.91275,83102.65505,830728.4684,Nov-23,Akaki Kality,5517629.484,307251892.4
Dec-23,Akaki Kality,28.33225005,0.00800509,0.008023882,0.00804957,1552.471324,577954.2466,1458805.89,2,5526607.582,365328.0545,27209144.29,40003.52212,1773640.419,258835.6864,54297.55344,1750.33534,55487.57766,26543.91275,83102.65505,830728.4684,Dec-23,Akaki Kality,5843420.916,329968994.1
Jan-24,Akaki Kality,28.88569194,0.007239078,0.007214193,0.007231451,1594.127667,593991.5333,1458805.89,2,5526607.582,365328.0545,27209144.29,40003.52212,1773640.419,258835.6864,54297.55344,1750.33534,55487.57766,26543.91275,83102.65505,830728.4684,Jan-24,Akaki Kality,0,0
Feb-24,Akaki Kality,26.64400453,0.006969377,0.006993494,0.007006324,1333.726602,593991.5333,1458805.89,2,5526607.582,365328.0545,27209144.29,40003.52212,1773640.419,258835.6864,54297.55344,1750.33534,55487.57766,26543.91275,83102.65505,830728.4684,Feb-24,Akaki Kality,0,0
Mar-24,Akaki Kality,27.58405387,0.007070209,0.007144781,0.007160274,1664.165996,593991.5333,1458805.89,2,5526607.582,365328.0545,27209144.29,40003.52212,1773640.419,258835.6864,54297.55344,1750.33534,55487.57766,26543.91275,83102.65505,830728.4684,Mar-24,Akaki Kality,0,0
Apr-24,Akaki Kality,24.2624461,0.007338774,0.007194905,0.007212707,1462.687519,593991.5333,1458805.89,2,5526607.582,365328.0545,27209144.29,40003.52212,1773640.419,258835.6864,54297.55344,1750.33534,55487.57766,26543.91275,83102.65505,830728.4684,Apr-24,Akaki Kality,0,0
May-24,Akaki Kality,28.40844308,0.007256198,0.007233906,0.007248886,1518.88703,593991.5333,1458805.89,2,5526607.582,365328.0545,27209144.29,40003.52212,1773640.419,258835.6864,54297.55344,1750.33534,55487.57766,26543.91275,83102.65505,830728.4684,May-24,Akaki Kality,0,0
Jun-24,Akaki Kality,26.36924907,0.007559606,0.007578547,0.007604258,1849.91043,593991.5333,1458805.89,2,5526607.582,365328.0545,27209144.29,40003.52212,1773640.419,258835.6864,54297.55344,1750.33534,55487.57766,26543.91275,83102.65505,830728.4684,Jun-24,Akaki Kality,0,0
Jul-24,Akaki Kality,20.78832584,0.007116929,0.007175612,0.007186967,2161.156711,593991.5333,1458805.89,2,5526607.582,365328.0545,27209144.29,40003.52212,1773640.419,258835.6864,54297.55344,1750.33534,55487.57766,26543.91275,83102.65505,830728.4684,Jul-24,Akaki Kality,9477147.267,547410124.8
Aug-24,Akaki Kality,21.75572285,0.006464652,0.006444543,0.006446208,2138.327046,593991.5333,1458805.89,2,5526607.582,365328.0545,27209144.29,40003.52212,1773640.419,258835.6864,54297.55344,1750.33534,55487.57766,26543.91275,83102.65505,830728.4684,Aug-24,Akaki Kality,8137883.514,852692444.2
Sep-24,Akaki Kality,25.21080216,0.005598328,0.005659549,0.005663191,2083.005303,593991.5333,1458805.89,2,5526607.582,365328.0545,27209144.29,40003.52212,1773640.419,258835.6864,54297.55344,1750.33534,55487.57766,26543.91275,83102.65505,830728.4684,Sep-24,Akaki Kality,7754633.111,877533636
Oct-24,Akaki Kality,23.79472851,0.005788432,0.005782352,0.005780779,2359.686169,593991.5333,1458805.89,2,5526607.582,365328.0545,27209144.29,40003.52212,1773640.419,258835.6864,54297.55344,1750.33534,55487.57766,26543.91275,83102.65505,830728.4684,Oct-24,Akaki Kality,8504367.687,1020923916
Nov-24,Akaki Kality,26.2283074,0.006749377,0.006699131,0.006711568,2534.793427,593991.5333,1458805.89,2,5526607.582,365328.0545,27209144.29,40003.52212,1773640.419,258835.6864,54297.55344,1750.33534,55487.57766,26543.91275,83102.65505,830728.4684,Nov-24,Akaki Kality,7809795.914,956044774.2
Dec-24,Akaki Kality,27.90135285,0.008141997,0.008102395,0.008122686,2399.113258,593991.5333,1458805.89,2,5526607.582,365328.0545,27209144.29,40003.52212,1773640.419,258835.6864,54297.55344,1750.33534,55487.57766,26543.91275,83102.65505,830728.4684,Dec-24,Akaki Kality,8514314.074,1081794039
Jan-23,Arada,28.77881567,0.000572799,0.000579314,0.000576383,252.6867958,129547.9834,154371.3117,6,0,76650.35489,4659425.098,1932.028011,0,0,25369.95625,0,0,19406.19068,8199.538025,79045.14662,Jan-23,Arada,0,0
Feb-23,Arada,32.89538571,0.00060651,0.000601917,0.000598403,236.2380533,129547.9834,154371.3117,6,0,76650.35489,4659425.098,1932.028011,0,0,25369.95625,0,0,19406.19068,8199.538025,79045.14662,Feb-23,Arada,0,0
Mar-23,Arada,23.43192317,0.000515904,0.00052312,0.000523513,176.8696803,129547.9834,154371.3117,6,0,76650.35489,4659425.098,1932.028011,0,0,25369.95625,0,0,19406.19068,8199.538025,79045.14662,Mar-23,Arada,0,0
Apr-23,Arada,25.13870876,0.000474238,0.000469283,0.000468749,172.8264967,129547.9834,154371.3117,6,0,76650.35489,4659425.098,1932.028011,0,0,25369.95625,0,0,19406.19068,8199.538025,79045.14662,Apr-23,Arada,0,0
May-23,Arada,23.18658218,0.000482955,0.000479975,0.000478964,165.7714417,129547.9834,154371.3117,6,0,76650.35489,4659425.098,1932.028011,0,0,25369.95625,0,0,19406.19068,8199.538025,79045.14662,May-23,Arada,0,0
Jun-23,Arada,24.11002451,0.000492507,0.000492186,0.000490566,175.1589502,129547.9834,154371.3117,6,0,76650.35489,4659425.098,1932.028011,0,0,25369.95625,0,0,19406.19068,8199.538025,79045.14662,Jun-23,Arada,0,0
Jul-23,Arada,18.73442169,0.00046377,0.000475435,0.000472193,145.7119918,129547.9834,154371.3117,6,0,76650.35489,4659425.098,1932.028011,0,0,25369.95625,0,0,19406.19068,8199.538025,79045.14662,Jul-23,Arada,4853633.386,264117440.8
Aug-23,Arada,23.68405625,0.000511951,0.00049853,0.00049297,150.4248535,129547.9834,154371.3117,6,0,76650.35489,4659425.098,1932.028011,0,0,25369.95625,0,0,19406.19068,8199.538025,79045.14662,Aug-23,Arada,4173148.886,230000324.4
Sep-23,Arada,25.25212119,0.000386697,0.000392539,0.000392677,180.5267855,129547.9834,154371.3117,6,0,76650.35489,4659425.098,1932.028011,0,0,25369.95625,0,0,19406.19068,8199.538025,79045.14662,Sep-23,Arada,3260509.553,179999423.3
Oct-23,Arada,27.68042898,0.000403535,0.000402252,0.000400844,193.6232998,129547.9834,154371.3117,6,0,76650.35489,4659425.098,1932.028011,0,0,25369.95625,0,0,19406.19068,8199.538025,79045.14662,Oct-23,Arada,3656797.72,205174114.2
Nov-23,Arada,29.45006381,0.000478014,0.000478241,0.000477166,219.8755042,129547.9834,154371.3117,6,0,76650.35489,4659425.098,1932.028011,0,0,25369.95625,0,0,19406.19068,8199.538025,79045.14662,Nov-23,Arada,3382944.566,188380920.3
Dec-23,Arada,27.78668769,0.000722645,0.000723402,0.000717495,259.9563821,129547.9834,154371.3117,6,0,76650.35489,4659425.098,1932.028011,0,0,25369.95625,0,0,19406.19068,8199.538025,79045.14662,Dec-23,Arada,3582692.367,202309129.1
Jan-24,Arada,27.27929792,0.00067211,0.000666871,0.000660788,275.1408266,131295.752,154371.3117,6,0,76650.35489,4659425.098,1932.028011,0,0,25369.95625,0,0,19406.19068,8199.538025,79045.14662,Jan-24,Arada,0,0
Feb-24,Arada,25.33165939,0.000546442,0.00054775,0.000548613,254.4160725,131295.752,154371.3117,6,0,76650.35489,4659425.098,1932.028011,0,0,25369.95625,0,0,19406.19068,8199.538025,79045.14662,Feb-24,Arada,0,0
Mar-24,Arada,26.89334088,0.000549999,0.000557662,0.000554198,283.3206868,131295.752,154371.3117,6,0,76650.35489,4659425.098,1932.028011,0,0,25369.95625,0,0,19406.19068,8199.538025,79045.14662,Mar-24,Arada,0,0
Apr-24,Arada,20.54544225,0.000499153,0.000491282,0.000491044,276.3097865,131295.752,154371.3117,6,0,76650.35489,4659425.098,1932.028011,0,0,25369.95625,0,0,19406.19068,8199.538025,79045.14662,Apr-24,Arada,0,0
May-24,Arada,26.65332553,0.00051239,0.000515134,0.000514192,252.602364,131295.752,154371.3117,6,0,76650.35489,4659425.098,1932.028011,0,0,25369.95625,0,0,19406.19068,8199.538025,79045.14662,May-24,Arada,0,0
Jun-24,Arada,23.70771409,0.000514159,0.000509346,0.000507206,292.7555496,131295.752,154371.3117,6,0,76650.35489,4659425.098,1932.028011,0,0,25369.95625,0,0,19406.19068,8199.538025,79045.14662,Jun-24,Arada,0,0
Jul-24,Arada,18.05345366,0.000425748,0.000433051,0.000434871,281.3451281,131295.752,154371.3117,6,0,76650.35489,4659425.098,1932.028011,0,0,25369.95625,0,0,19406.19068,8199.538025,79045.14662,Jul-24,Arada,5810586.584,335625672.7
Aug-24,Arada,19.32782555,0.000412999,0.000410615,0.000409523,247.7004501,131295.752,154371.3117,6,0,76650.35489,4659425.098,1932.028011,0,0,25369.95625,0,0,19406.19068,8199.538025,79045.14662,Aug-24,Arada,4989463.12,522799017.1
Sep-24,Arada,24.70447157,0.000367279,0.000374347,0.000374542,326.394495,131295.752,154371.3117,6,0,76650.35489,4659425.098,1932.028011,0,0,25369.95625,0,0,19406.19068,8199.538025,79045.14662,Sep-24,Arada,4754486.329,538029538.7
Oct-24,Arada,23.42499698,0.000389904,0.000385583,0.000386113,390.9798985,131295.752,154371.3117,6,0,76650.35489,4659425.098,1932.028011,0,0,25369.95625,0,0,19406.19068,8199.538025,79045.14662,Oct-24,Arada,5214160.273,625944352.6
Nov-24,Arada,27.80611463,0.000573015,0.000568737,0.000562497,507.7011018,131295.752,154371.3117,6,0,76650.35489,4659425.098,1932.028011,0,0,25369.95625,0,0,19406.19068,8199.538025,79045.14662,Nov-24,Arada,4788307.502,586165940.2
Dec-24,Arada,27.66519231,0.000791237,0.000781835,0.000778517,530.0389176,131295.752,154371.3117,6,0,76650.35489,4659425.098,1932.028011,0,0,25369.95625,0,0,19406.19068,8199.538025,79045.14662,Dec-24,Arada,5220258.558,663264772.9
Jan-23,Bole,29.32309942,0.004171409,0.004177153,0.004179875,2080.798035,591126.6416,1126020.343,24,896769.3893,580416.1542,18416451.09,10436.18803,4883618.385,648225.8213,101191.3152,0,30499.41024,39549.62311,27027.42421,705045.2747,Jan-23,Bole,0,0
Feb-23,Bole,33.03552558,0.004317528,0.004328625,0.004325874,1994.163463,591126.6416,1126020.343,24,896769.3893,580416.1542,18416451.09,10436.18803,4883618.385,648225.8213,101191.3152,0,30499.41024,39549.62311,27027.42421,705045.2747,Feb-23,Bole,0,0
Mar-23,Bole,24.76861663,0.004069505,0.004087537,0.004085145,1456.537013,591126.6416,1126020.343,24,896769.3893,580416.1542,18416451.09,10436.18803,4883618.385,648225.8213,101191.3152,0,30499.41024,39549.62311,27027.42421,705045.2747,Mar-23,Bole,0,0
Apr-23,Bole,26.76410507,0.004112834,0.004083319,0.00407914,1576.230578,591126.6416,1126020.343,24,896769.3893,580416.1542,18416451.09,10436.18803,4883618.385,648225.8213,101191.3152,0,30499.41024,39549.62311,27027.42421,705045.2747,Apr-23,Bole,0,0
May-23,Bole,25.35614308,0.004201672,0.004192717,0.004186351,1383.652459,591126.6416,1126020.343,24,896769.3893,580416.1542,18416451.09,10436.18803,4883618.385,648225.8213,101191.3152,0,30499.41024,39549.62311,27027.42421,705045.2747,May-23,Bole,0,0
Jun-23,Bole,24.70664383,0.004441154,0.004445153,0.004445133,1424.428511,591126.6416,1126020.343,24,896769.3893,580416.1542,18416451.09,10436.18803,4883618.385,648225.8213,101191.3152,0,30499.41024,39549.62311,27027.42421,705045.2747,Jun-23,Bole,0,0
Jul-23,Bole,21.0484558,0.004294883,0.004462728,0.004462912,1340.417041,591126.6416,1126020.343,24,896769.3893,580416.1542,18416451.09,10436.18803,4883618.385,648225.8213,101191.3152,0,30499.41024,39549.62311,27027.42421,705045.2747,Jul-23,Bole,8299594.355,451634362.6
Aug-23,Bole,23.88964534,0.003998402,0.00379461,0.003794945,1496.811189,591126.6416,1126020.343,24,896769.3893,580416.1542,18416451.09,10436.18803,4883618.385,648225.8213,101191.3152,0,30499.41024,39549.62311,27027.42421,705045.2747,Aug-23,Bole,7135982.506,393294928.2
Sep-23,Bole,25.21837898,0.003381098,0.00345532,0.00345707,1573.423086,591126.6416,1126020.343,24,896769.3893,580416.1542,18416451.09,10436.18803,4883618.385,648225.8213,101191.3152,0,30499.41024,39549.62311,27027.42421,705045.2747,Sep-23,Bole,5575391.573,307794610.4
Oct-23,Bole,28.2016217,0.00341137,0.003400452,0.003400749,1718.171797,591126.6416,1126020.343,24,896769.3893,580416.1542,18416451.09,10436.18803,4883618.385,648225.8213,101191.3152,0,30499.41024,39549.62311,27027.42421,705045.2747,Oct-23,Bole,6253034.644,350842716
Nov-23,Bole,28.70518927,0.003870447,0.00384144,0.003843117,1900.170861,591126.6416,1126020.343,24,896769.3893,580416.1542,18416451.09,10436.18803,4883618.385,648225.8213,101191.3152,0,30499.41024,39549.62311,27027.42421,705045.2747,Nov-23,Bole,5784752.451,322126765.3
Dec-23,Bole,27.93852735,0.005206248,0.005245521,0.005243889,2406.472325,591126.6416,1126020.343,24,896769.3893,580416.1542,18416451.09,10436.18803,4883618.385,648225.8213,101191.3152,0,30499.41024,39549.62311,27027.42421,705045.2747,Dec-23,Bole,6126316.304,345943661.6
Jan-24,Bole,27.94068761,0.004804121,0.004749016,0.004746888,2386.281502,598950.2996,1126020.343,24,896769.3893,580416.1542,18416451.09,10436.18803,4883618.385,648225.8213,101191.3152,0,30499.41024,39549.62311,27027.42421,705045.2747,Jan-24,Bole,0,0
Feb-24,Bole,26.13030987,0.004284823,0.004326434,0.004321328,2035.441718,598950.2996,1126020.343,24,896769.3893,580416.1542,18416451.09,10436.18803,4883618.385,648225.8213,101191.3152,0,30499.41024,39549.62311,27027.42421,705045.2747,Feb-24,Bole,0,0
Mar-24,Bole,26.62490989,0.00423042,0.004252229,0.004251029,2316.33289,598950.2996,1126020.343,24,896769.3893,580416.1542,18416451.09,10436.18803,4883618.385,648225.8213,101191.3152,0,30499.41024,39549.62311,27027.42421,705045.2747,Mar-24,Bole,0,0
Apr-24,Bole,22.06294392,0.004610529,0.004479072,0.004462606,2013.097936,598950.2996,1126020.343,24,896769.3893,580416.1542,18416451.09,10436.18803,4883618.385,648225.8213,101191.3152,0,30499.41024,39549.62311,27027.42421,705045.2747,Apr-24,Bole,0,0
May-24,Bole,27.51555527,0.004347942,0.004377933,0.004369788,1998.078192,598950.2996,1126020.343,24,896769.3893,580416.1542,18416451.09,10436.18803,4883618.385,648225.8213,101191.3152,0,30499.41024,39549.62311,27027.42421,705045.2747,May-24,Bole,0,0
Jun-24,Bole,25.22306731,0.004637218,0.004648342,0.00463514,2340.322252,598950.2996,1126020.343,24,896769.3893,580416.1542,18416451.09,10436.18803,4883618.385,648225.8213,101191.3152,0,30499.41024,39549.62311,27027.42421,705045.2747,Jun-24,Bole,0,0
Jul-24,Bole,19.6639777,0.004411749,0.004449066,0.004436168,2513.804579,598950.2996,1126020.343,24,896769.3893,580416.1542,18416451.09,10436.18803,4883618.385,648225.8213,101191.3152,0,30499.41024,39549.62311,27027.42421,705045.2747,Jul-24,Bole,9935960.913,573911689.9
Aug-24,Bole,22.03315944,0.003818839,0.003814824,0.003816862,2286.244002,598950.2996,1126020.343,24,896769.3893,580416.1542,18416451.09,10436.18803,4883618.385,648225.8213,101191.3152,0,30499.41024,39549.62311,27027.42421,705045.2747,Aug-24,Bole,8531859.877,893973530
Sep-24,Bole,26.04921706,0.003140045,0.003200819,0.003200023,2870.462604,598950.2996,1126020.343,24,896769.3893,580416.1542,18416451.09,10436.18803,4883618.385,648225.8213,101191.3152,0,30499.41024,39549.62311,27027.42421,705045.2747,Sep-24,Bole,8130055.313,920017349.2
Oct-24,Bole,24.03507111,0.003104015,0.003087083,0.003089645,3248.228829,598950.2996,1126020.343,24,896769.3893,580416.1542,18416451.09,10436.18803,4883618.385,648225.8213,101191.3152,0,30499.41024,39549.62311,27027.42421,705045.2747,Oct-24,Bole,8916086.512,1070349530
Nov-24,Bole,27.10340279,0.004089177,0.00405756,0.004059132,3924.300226,598950.2996,1126020.343,24,896769.3893,580416.1542,18416451.09,10436.18803,4883618.385,648225.8213,101191.3152,0,30499.41024,39549.62311,27027.42421,705045.2747,Nov-24,Bole,8187888.692,1002329418
Dec-24,Bole,27.6372372,0.005285744,0.00524082,0.005240477,3814.038018,598950.2996,1126020.343,24,896769.3893,580416.1542,18416451.09,10436.18803,4883618.385,648225.8213,101191.3152,0,30499.41024,39549.62311,27027.42421,705045.2747,Dec-24,Bole,8926514.431,1134166536
Jan-23,Gulele,23.26850289,0.001816006,0.001839482,0.001859515,331.9538188,191815.6131,343757.3513,2,247.7000259,22002.79948,7845656.907,16931.55444,0,7270.071742,13710.88187,0,13293.46295,20308.56684,8066.165703,192535.3827,Jan-23,Gulele,0,0
Feb-23,Gulele,26.70898922,0.001866706,0.001857228,0.001886435,332.398987,191815.6131,343757.3513,2,247.7000259,22002.79948,7845656.907,16931.55444,0,7270.071742,13710.88187,0,13293.46295,20308.56684,8066.165703,192535.3827,Feb-23,Gulele,0,0
Mar-23,Gulele,20.70800376,0.001795206,0.001798946,0.001806577,271.2400855,191815.6131,343757.3513,2,247.7000259,22002.79948,7845656.907,16931.55444,0,7270.071742,13710.88187,0,13293.46295,20308.56684,8066.165703,192535.3827,Mar-23,Gulele,0,0
Apr-23,Gulele,22.01518222,0.001595944,0.001597429,0.001607394,303.3143559,191815.6131,343757.3513,2,247.7000259,22002.79948,7845656.907,16931.55444,0,7270.071742,13710.88187,0,13293.46295,20308.56684,8066.165703,192535.3827,Apr-23,Gulele,0,0
May-23,Gulele,20.07429942,0.001588092,0.00157257,0.001579715,335.6532834,191815.6131,343757.3513,2,247.7000259,22002.79948,7845656.907,16931.55444,0,7270.071742,13710.88187,0,13293.46295,20308.56684,8066.165703,192535.3827,May-23,Gulele,0,0
Jun-23,Gulele,20.63884285,0.001584397,0.001586436,0.001594002,290.4843212,191815.6131,343757.3513,2,247.7000259,22002.79948,7845656.907,16931.55444,0,7270.071742,13710.88187,0,13293.46295,20308.56684,8066.165703,192535.3827,Jun-23,Gulele,0,0
Jul-23,Gulele,17.57120011,0.001565442,0.001588189,0.00159419,247.8666351,191815.6131,343757.3513,2,247.7000259,22002.79948,7845656.907,16931.55444,0,7270.071742,13710.88187,0,13293.46295,20308.56684,8066.165703,192535.3827,Jul-23,Gulele,1660974.296,90384304.97
Aug-23,Gulele,20.07162478,0.001640569,0.001614049,0.001619891,296.8245024,191815.6131,343757.3513,2,247.7000259,22002.79948,7845656.907,16931.55444,0,7270.071742,13710.88187,0,13293.46295,20308.56684,8066.165703,192535.3827,Aug-23,Gulele,1428103.954,78708999.29
Sep-23,Gulele,22.44787207,0.001335591,0.001347376,0.001349537,263.940635,191815.6131,343757.3513,2,247.7000259,22002.79948,7845656.907,16931.55444,0,7270.071742,13710.88187,0,13293.46295,20308.56684,8066.165703,192535.3827,Sep-23,Gulele,1115787.314,61598063.03
Oct-23,Gulele,22.36530289,0.001317678,0.001312521,0.001328397,307.2584415,191815.6131,343757.3513,2,247.7000259,22002.79948,7845656.907,16931.55444,0,7270.071742,13710.88187,0,13293.46295,20308.56684,8066.165703,192535.3827,Oct-23,Gulele,1251402.101,70213158.4
Nov-23,Gulele,23.62333897,0.001506178,0.001506649,0.001524764,304.0780317,191815.6131,343757.3513,2,247.7000259,22002.79948,7845656.907,16931.55444,0,7270.071742,13710.88187,0,13293.46295,20308.56684,8066.165703,192535.3827,Nov-23,Gulele,1157686.113,64466316.56
Dec-23,Gulele,21.81715499,0.002251969,0.002259555,0.002279676,346.5633558,191815.6131,343757.3513,2,247.7000259,22002.79948,7845656.907,16931.55444,0,7270.071742,13710.88187,0,13293.46295,20308.56684,8066.165703,192535.3827,Dec-23,Gulele,1226042.319,69232724.53
Jan-24,Gulele,22.58454566,0.002056353,0.002041221,0.002062115,391.8782063,195311.6732,343757.3513,2,247.7000259,22002.79948,7845656.907,16931.55444,0,7270.071742,13710.88187,0,13293.46295,20308.56684,8066.165703,192535.3827,Jan-24,Gulele,0,0
Feb-24,Gulele,20.76080782,0.001788331,0.001780523,0.001799455,344.0231285,195311.6732,343757.3513,2,247.7000259,22002.79948,7845656.907,16931.55444,0,7270.071742,13710.88187,0,13293.46295,20308.56684,8066.165703,192535.3827,Feb-24,Gulele,0,0
Mar-24,Gulele,22.53341017,0.001730138,0.001746719,0.00176646,379.514994,195311.6732,343757.3513,2,247.7000259,22002.79948,7845656.907,16931.55444,0,7270.071742,13710.88187,0,13293.46295,20308.56684,8066.165703,192535.3827,Mar-24,Gulele,0,0
Apr-24,Gulele,18.84302416,0.001651374,0.001613702,0.001623762,372.4635062,195311.6732,343757.3513,2,247.7000259,22002.79948,7845656.907,16931.55444,0,7270.071742,13710.88187,0,13293.46295,20308.56684,8066.165703,192535.3827,Apr-24,Gulele,0,0
May-24,Gulele,22.40536289,0.001632884,0.001670217,0.001680242,348.4113932,195311.6732,343757.3513,2,247.7000259,22002.79948,7845656.907,16931.55444,0,7270.071742,13710.88187,0,13293.46295,20308.56684,8066.165703,192535.3827,May-24,Gulele,0,0
Jun-24,Gulele,20.47723344,0.00170671,0.001699042,0.001701908,382.419218,195311.6732,343757.3513,2,247.7000259,22002.79948,7845656.907,16931.55444,0,7270.071742,13710.88187,0,13293.46295,20308.56684,8066.165703,192535.3827,Jun-24,Gulele,0,0
Jul-24,Gulele,16.51868376,0.001464475,0.001468236,0.001476437,369.2149248,195311.6732,343757.3513,2,247.7000259,22002.79948,7845656.907,16931.55444,0,7270.071742,13710.88187,0,13293.46295,20308.56684,8066.165703,192535.3827,Jul-24,Gulele,1988455.697,114855319.9
Aug-24,Gulele,16.55513479,0.001381424,0.00138455,0.001387631,372.5157973,195311.6732,343757.3513,2,247.7000259,22002.79948,7845656.907,16931.55444,0,7270.071742,13710.88187,0,13293.46295,20308.56684,8066.165703,192535.3827,Aug-24,Gulele,1707456.936,178908388.8
Sep-24,Gulele,21.26620217,0.001326259,0.001348878,0.001348211,340.8497539,195311.6732,343757.3513,2,247.7000259,22002.79948,7845656.907,16931.55444,0,7270.071742,13710.88187,0,13293.46295,20308.56684,8066.165703,192535.3827,Sep-24,Gulele,1627044.927,184120464.6
Oct-24,Gulele,18.45833243,0.001314169,0.00129604,0.001307462,363.1249276,195311.6732,343757.3513,2,247.7000259,22002.79948,7845656.907,16931.55444,0,7270.071742,13710.88187,0,13293.46295,20308.56684,8066.165703,192535.3827,Oct-24,Gulele,1784351.124,214206017.9
Nov-24,Gulele,21.07728541,0.001847906,0.001835411,0.001847526,510.582314,195311.6732,343757.3513,2,247.7000259,22002.79948,7845656.907,16931.55444,0,7270.071742,13710.88187,0,13293.46295,20308.56684,8066.165703,192535.3827,Nov-24,Gulele,1638618.958,200593345.7
Dec-24,Gulele,21.69041209,0.002431926,0.002411195,0.002443941,412.283807,195311.6732,343757.3513,2,247.7000259,22002.79948,7845656.907,16931.55444,0,7270.071742,13710.88187,0,13293.46295,20308.56684,8066.165703,192535.3827,Dec-24,Gulele,1786438.033,226977534.4
Jan-23,Kirkos,29.12987446,0.001244496,0.001254322,0.001252043,1008.454894,246195.3955,407445.7189,27,406792.8337,390906.8115,8308279.973,0,65818.11835,0,82489.43161,0,0,21759.5111,28967.21029,173520.8752,Jan-23,Kirkos,0,0
Feb-23,Kirkos,33.09458016,0.001339026,0.001339246,0.001333636,937.579305,246195.3955,407445.7189,27,406792.8337,390906.8115,8308279.973,0,65818.11835,0,82489.43161,0,0,21759.5111,28967.21029,173520.8752,Feb-23,Kirkos,0,0
Mar-23,Kirkos,24.29890321,0.001151911,0.001160856,0.001159937,658.3670448,246195.3955,407445.7189,27,406792.8337,390906.8115,8308279.973,0,65818.11835,0,82489.43161,0,0,21759.5111,28967.21029,173520.8752,Mar-23,Kirkos,0,0
Apr-23,Kirkos,27.53870299,0.001074574,0.001061436,0.001061972,626.1887434,246195.3955,407445.7189,27,406792.8337,390906.8115,8308279.973,0,65818.11835,0,82489.43161,0,0,21759.5111,28967.21029,173520.8752,Apr-23,Kirkos,0,0
May-23,Kirkos,25.15822401,0.001091721,0.001090381,0.001089075,550.7776296,246195.3955,407445.7189,27,406792.8337,390906.8115,8308279.973,0,65818.11835,0,82489.43161,0,0,21759.5111,28967.21029,173520.8752,May-23,Kirkos,0,0
Jun-23,Kirkos,25.23199853,0.001168665,0.001172517,0.001168856,563.8663215,246195.3955,407445.7189,27,406792.8337,390906.8115,8308279.973,0,65818.11835,0,82489.43161,0,0,21759.5111,28967.21029,173520.8752,Jun-23,Kirkos,0,0
Jul-23,Kirkos,20.57214349,0.001016437,0.001045813,0.001048055,526.4829365,246195.3955,407445.7189,27,406792.8337,390906.8115,8308279.973,0,65818.11835,0,82489.43161,0,0,21759.5111,28967.21029,173520.8752,Jul-23,Kirkos,20861784.38,1135223999
Aug-23,Kirkos,24.24680216,0.001093872,0.001048989,0.001045802,544.8441812,246195.3955,407445.7189,27,406792.8337,390906.8115,8308279.973,0,65818.11835,0,82489.43161,0,0,21759.5111,28967.21029,173520.8752,Aug-23,Kirkos,17936940.29,988582530.4
Sep-23,Kirkos,26.68565698,0.000869325,0.000890768,0.000888767,634.9055815,246195.3955,407445.7189,27,406792.8337,390906.8115,8308279.973,0,65818.11835,0,82489.43161,0,0,21759.5111,28967.21029,173520.8752,Sep-23,Kirkos,14014253.21,773669714.6
Oct-23,Kirkos,28.31884593,0.000917459,0.00091093,0.000911092,662.7980099,246195.3955,407445.7189,27,406792.8337,390906.8115,8308279.973,0,65818.11835,0,82489.43161,0,0,21759.5111,28967.21029,173520.8752,Oct-23,Kirkos,15717570.63,881875038.8
Nov-23,Kirkos,29.82872582,0.001129717,0.001121995,0.0011131,783.1806457,246195.3955,407445.7189,27,406792.8337,390906.8115,8308279.973,0,65818.11835,0,82489.43161,0,0,21759.5111,28967.21029,173520.8752,Nov-23,Kirkos,14540500.8,809694887.8
Dec-23,Kirkos,28.22631593,0.001612585,0.001616662,0.001602474,976.5703736,246195.3955,407445.7189,27,406792.8337,390906.8115,8308279.973,0,65818.11835,0,82489.43161,0,0,21759.5111,28967.21029,173520.8752,Dec-23,Kirkos,15399052.57,869560820.4
Jan-24,Kirkos,27.67673655,0.001459769,0.001457922,0.001446532,1077.152332,243732.5005,407445.7189,27,406792.8337,390906.8115,8308279.973,0,65818.11835,0,82489.43161,0,0,21759.5111,28967.21029,173520.8752,Jan-24,Kirkos,0,0
Feb-24,Kirkos,26.18320313,0.001270647,0.001272328,0.001269022,944.3467507,243732.5005,407445.7189,27,406792.8337,390906.8115,8308279.973,0,65818.11835,0,82489.43161,0,0,21759.5111,28967.21029,173520.8752,Feb-24,Kirkos,0,0
Mar-24,Kirkos,27.2711259,0.001215962,0.001230396,0.001225731,1223.603061,243732.5005,407445.7189,27,406792.8337,390906.8115,8308279.973,0,65818.11835,0,82489.43161,0,0,21759.5111,28967.21029,173520.8752,Mar-24,Kirkos,0,0
Apr-24,Kirkos,22.0852025,0.001205758,0.00117321,0.0011662,963.7199897,243732.5005,407445.7189,27,406792.8337,390906.8115,8308279.973,0,65818.11835,0,82489.43161,0,0,21759.5111,28967.21029,173520.8752,Apr-24,Kirkos,0,0
May-24,Kirkos,27.61681747,0.001194357,0.001202862,0.001198625,894.5487737,243732.5005,407445.7189,27,406792.8337,390906.8115,8308279.973,0,65818.11835,0,82489.43161,0,0,21759.5111,28967.21029,173520.8752,May-24,Kirkos,0,0
Jun-24,Kirkos,25.0741303,0.001204628,0.001204914,0.001197603,1066.604062,243732.5005,407445.7189,27,406792.8337,390906.8115,8308279.973,0,65818.11835,0,82489.43161,0,0,21759.5111,28967.21029,173520.8752,Jun-24,Kirkos,0,0
Jul-24,Kirkos,19.24702262,0.001035573,0.001051229,0.001049708,1150.288528,243732.5005,407445.7189,27,406792.8337,390906.8115,8308279.973,0,65818.11835,0,82489.43161,0,0,21759.5111,28967.21029,173520.8752,Jul-24,Kirkos,24974940.38,1442579169
Aug-24,Kirkos,22.45308684,0.000957518,0.000946346,0.000942925,948.6104921,243732.5005,407445.7189,27,406792.8337,390906.8115,8308279.973,0,65818.11835,0,82489.43161,0,0,21759.5111,28967.21029,173520.8752,Aug-24,Kirkos,21445604.87,2247083680
Sep-24,Kirkos,26.28698244,0.000805768,0.000825345,0.000825575,1194.147987,243732.5005,407445.7189,27,406792.8337,390906.8115,8308279.973,0,65818.11835,0,82489.43161,0,0,21759.5111,28967.21029,173520.8752,Sep-24,Kirkos,20435632.6,2312547185
Oct-24,Kirkos,25.09117028,0.000892846,0.000886319,0.000883752,1365.014674,243732.5005,407445.7189,27,406792.8337,390906.8115,8308279.973,0,65818.11835,0,82489.43161,0,0,21759.5111,28967.21029,173520.8752,Oct-24,Kirkos,22411393.42,2690420779
Nov-24,Kirkos,27.86264805,0.001264767,0.001252024,0.001243405,1754.274615,243732.5005,407445.7189,27,406792.8337,390906.8115,8308279.973,0,65818.11835,0,82489.43161,0,0,21759.5111,28967.21029,173520.8752,Nov-24,Kirkos,20581002.05,2519446049
Dec-24,Kirkos,27.83811966,0.001721945,0.001703324,0.001695528,1846.383517,243732.5005,407445.7189,27,406792.8337,390906.8115,8308279.973,0,65818.11835,0,82489.43161,0,0,21759.5111,28967.21029,173520.8752,Dec-24,Kirkos,22437604.94,2850830621
Jan-23,Kolfe Keraniyo,27.88946266,0.003942091,0.00393812,0.003934904,1274.486528,588912.7861,999778.8263,10,291846.4279,0,33497229.62,0,72822.25009,3254.004579,59088.20827,0,28389.78651,1999.047591,21921.7924,802951.0312,Jan-23,Kolfe Keraniyo,0,0
Feb-23,Kolfe Keraniyo,32.19482926,0.00386597,0.003901378,0.003899292,1213.497002,588912.7861,999778.8263,10,291846.4279,0,33497229.62,0,72822.25009,3254.004579,59088.20827,0,28389.78651,1999.047591,21921.7924,802951.0312,Feb-23,Kolfe Keraniyo,0,0
Mar-23,Kolfe Keraniyo,24.2354548,0.003339837,0.003349986,0.003357424,900.0176843,588912.7861,999778.8263,10,291846.4279,0,33497229.62,0,72822.25009,3254.004579,59088.20827,0,28389.78651,1999.047591,21921.7924,802951.0312,Mar-23,Kolfe Keraniyo,0,0
Apr-23,Kolfe Keraniyo,24.83983621,0.003154915,0.003138462,0.003142683,991.572753,588912.7861,999778.8263,10,291846.4279,0,33497229.62,0,72822.25009,3254.004579,59088.20827,0,28389.78651,1999.047591,21921.7924,802951.0312,Apr-23,Kolfe Keraniyo,0,0
May-23,Kolfe Keraniyo,23.7116399,0.003191695,0.00319591,0.003196186,825.7148748,588912.7861,999778.8263,10,291846.4279,0,33497229.62,0,72822.25009,3254.004579,59088.20827,0,28389.78651,1999.047591,21921.7924,802951.0312,May-23,Kolfe Keraniyo,0,0
Jun-23,Kolfe Keraniyo,23.74353974,0.003365436,0.003358222,0.003361089,826.7534547,588912.7861,999778.8263,10,291846.4279,0,33497229.62,0,72822.25009,3254.004579,59088.20827,0,28389.78651,1999.047591,21921.7924,802951.0312,Jun-23,Kolfe Keraniyo,0,0
Jul-23,Kolfe Keraniyo,18.99872782,0.002927152,0.003045081,0.003049452,751.6189269,588912.7861,999778.8263,10,291846.4279,0,33497229.62,0,72822.25009,3254.004579,59088.20827,0,28389.78651,1999.047591,21921.7924,802951.0312,Jul-23,Kolfe Keraniyo,5699951.902,310171079.9
Aug-23,Kolfe Keraniyo,22.18478436,0.003237787,0.003091714,0.003089278,887.4441422,588912.7861,999778.8263,10,291846.4279,0,33497229.62,0,72822.25009,3254.004579,59088.20827,0,28389.78651,1999.047591,21921.7924,802951.0312,Aug-23,Kolfe Keraniyo,4900812.656,270105028.9
Sep-23,Kolfe Keraniyo,24.33445777,0.00259701,0.002648277,0.002646597,899.2464182,588912.7861,999778.8263,10,291846.4279,0,33497229.62,0,72822.25009,3254.004579,59088.20827,0,28389.78651,1999.047591,21921.7924,802951.0312,Sep-23,Kolfe Keraniyo,3829038.196,211385569
Oct-23,Kolfe Keraniyo,26.33474092,0.00289943,0.002886574,0.002884192,1007.594059,588912.7861,999778.8263,10,291846.4279,0,33497229.62,0,72822.25009,3254.004579,59088.20827,0,28389.78651,1999.047591,21921.7924,802951.0312,Oct-23,Kolfe Keraniyo,4294426.352,240949921.3
Nov-23,Kolfe Keraniyo,27.81986308,0.003460638,0.003416833,0.00341683,1158.100612,588912.7861,999778.8263,10,291846.4279,0,33497229.62,0,72822.25009,3254.004579,59088.20827,0,28389.78651,1999.047591,21921.7924,802951.0312,Nov-23,Kolfe Keraniyo,3972821.962,221228531.1
Dec-23,Kolfe Keraniyo,27.08842116,0.004595189,0.004620234,0.004624194,1339.233443,588912.7861,999778.8263,10,291846.4279,0,33497229.62,0,72822.25009,3254.004579,59088.20827,0,28389.78651,1999.047591,21921.7924,802951.0312,Dec-23,Kolfe Keraniyo,4207399.394,237585374.4
Jan-24,Kolfe Keraniyo,26.95326563,0.004197448,0.004188171,0.00418856,1394.161461,608663.7539,999778.8263,10,291846.4279,0,33497229.62,0,72822.25009,3254.004579,59088.20827,0,28389.78651,1999.047591,21921.7924,802951.0312,Jan-24,Kolfe Keraniyo,0,0
Feb-24,Kolfe Keraniyo,24.73804066,0.003776451,0.003785541,0.003787433,1086.870378,608663.7539,999778.8263,10,291846.4279,0,33497229.62,0,72822.25009,3254.004579,59088.20827,0,28389.78651,1999.047591,21921.7924,802951.0312,Feb-24,Kolfe Keraniyo,0,0
Mar-24,Kolfe Keraniyo,25.73686215,0.003539073,0.003575763,0.003577415,1309.137426,608663.7539,999778.8263,10,291846.4279,0,33497229.62,0,72822.25009,3254.004579,59088.20827,0,28389.78651,1999.047591,21921.7924,802951.0312,Mar-24,Kolfe Keraniyo,0,0
Apr-24,Kolfe Keraniyo,22.14213107,0.003271439,0.003206367,0.003206529,1196.356912,608663.7539,999778.8263,10,291846.4279,0,33497229.62,0,72822.25009,3254.004579,59088.20827,0,28389.78651,1999.047591,21921.7924,802951.0312,Apr-24,Kolfe Keraniyo,0,0
May-24,Kolfe Keraniyo,26.32137809,0.00345096,0.003460118,0.003460999,1122.76953,608663.7539,999778.8263,10,291846.4279,0,33497229.62,0,72822.25009,3254.004579,59088.20827,0,28389.78651,1999.047591,21921.7924,802951.0312,May-24,Kolfe Keraniyo,0,0
Jun-24,Kolfe Keraniyo,23.74806567,0.003201713,0.003217737,0.003225061,1305.648009,608663.7539,999778.8263,10,291846.4279,0,33497229.62,0,72822.25009,3254.004579,59088.20827,0,28389.78651,1999.047591,21921.7924,802951.0312,Jun-24,Kolfe Keraniyo,0,0
Jul-24,Kolfe Keraniyo,19.16372481,0.002745193,0.002785156,0.002793877,1439.879981,608663.7539,999778.8263,10,291846.4279,0,33497229.62,0,72822.25009,3254.004579,59088.20827,0,28389.78651,1999.047591,21921.7924,802951.0312,Jul-24,Kolfe Keraniyo,6823767.148,394148061.7
Aug-24,Kolfe Keraniyo,20.08354179,0.002464711,0.002446956,0.002455473,1202.233574,608663.7539,999778.8263,10,291846.4279,0,33497229.62,0,72822.25009,3254.004579,59088.20827,0,28389.78651,1999.047591,21921.7924,802951.0312,Aug-24,Kolfe Keraniyo,5859465.998,613958454.3
Sep-24,Kolfe Keraniyo,24.66988627,0.002575636,0.002597397,0.002596787,1178.603368,608663.7539,999778.8263,10,291846.4279,0,33497229.62,0,72822.25009,3254.004579,59088.20827,0,28389.78651,1999.047591,21921.7924,802951.0312,Sep-24,Kolfe Keraniyo,5583516.767,631844692
Oct-24,Kolfe Keraniyo,23.42147676,0.002671457,0.002649824,0.002650789,1211.62138,608663.7539,999778.8263,10,291846.4279,0,33497229.62,0,72822.25009,3254.004579,59088.20827,0,28389.78651,1999.047591,21921.7924,802951.0312,Oct-24,Kolfe Keraniyo,6123343.153,735089039.3
Nov-24,Kolfe Keraniyo,25.74972831,0.003841471,0.003806631,0.003810021,1812.087273,608663.7539,999778.8263,10,291846.4279,0,33497229.62,0,72822.25009,3254.004579,59088.20827,0,28389.78651,1999.047591,21921.7924,802951.0312,Nov-24,Kolfe Keraniyo,5623235.272,688374543.3
Dec-24,Kolfe Keraniyo,26.65471929,0.005441698,0.00538546,0.005388567,1578.084961,608663.7539,999778.8263,10,291846.4279,0,33497229.62,0,72822.25009,3254.004579,59088.20827,0,28389.78651,1999.047591,21921.7924,802951.0312,Dec-24,Kolfe Keraniyo,6130504.784,778916947.9
Jan-23,Lemi Kura,28.20714776,0.004267425,0.004268386,0.004281085,1139.96454,477004.7303,1077463.223,4,1712173.996,0,33145748.59,0,1762514.674,50492.57284,59290.56198,0,20492.20363,28991.14627,30113.67819,823739.0228,Jan-23,Lemi Kura,0,0
Feb-23,Lemi Kura,32.32774497,0.004125054,0.004158817,0.004181711,1059.636468,477004.7303,1077463.223,4,1712173.996,0,33145748.59,0,1762514.674,50492.57284,59290.56198,0,20492.20363,28991.14627,30113.67819,823739.0228,Feb-23,Lemi Kura,0,0
Mar-23,Lemi Kura,22.98924175,0.004398869,0.004379217,0.004386901,847.613006,477004.7303,1077463.223,4,1712173.996,0,33145748.59,0,1762514.674,50492.57284,59290.56198,0,20492.20363,28991.14627,30113.67819,823739.0228,Mar-23,Lemi Kura,0,0
Apr-23,Lemi Kura,25.42779006,0.004374841,0.004352857,0.004357837,864.301836,477004.7303,1077463.223,4,1712173.996,0,33145748.59,0,1762514.674,50492.57284,59290.56198,0,20492.20363,28991.14627,30113.67819,823739.0228,Apr-23,Lemi Kura,0,0
May-23,Lemi Kura,23.61126922,0.004543746,0.004552763,0.004567351,706.4574446,477004.7303,1077463.223,4,1712173.996,0,33145748.59,0,1762514.674,50492.57284,59290.56198,0,20492.20363,28991.14627,30113.67819,823739.0228,May-23,Lemi Kura,0,0
Jun-23,Lemi Kura,23.53671882,0.004785911,0.004757779,0.004771641,858.6677523,477004.7303,1077463.223,4,1712173.996,0,33145748.59,0,1762514.674,50492.57284,59290.56198,0,20492.20363,28991.14627,30113.67819,823739.0228,Jun-23,Lemi Kura,0,0
Jul-23,Lemi Kura,20.18788655,0.00504469,0.005154654,0.005162495,730.3891728,477004.7303,1077463.223,4,1712173.996,0,33145748.59,0,1762514.674,50492.57284,59290.56198,0,20492.20363,28991.14627,30113.67819,823739.0228,Jul-23,Lemi Kura,0,0
Aug-23,Lemi Kura,22.2206046,0.004319761,0.004188342,0.004195165,900.4739676,477004.7303,1077463.223,4,1712173.996,0,33145748.59,0,1762514.674,50492.57284,59290.56198,0,20492.20363,28991.14627,30113.67819,823739.0228,Aug-23,Lemi Kura,0,0
Sep-23,Lemi Kura,23.18101037,0.003781497,0.003861925,0.003871504,858.0125107,477004.7303,1077463.223,4,1712173.996,0,33145748.59,0,1762514.674,50492.57284,59290.56198,0,20492.20363,28991.14627,30113.67819,823739.0228,Sep-23,Lemi Kura,0,0
Oct-23,Lemi Kura,26.18969784,0.003729414,0.003705036,0.003708306,956.2898533,477004.7303,1077463.223,4,1712173.996,0,33145748.59,0,1762514.674,50492.57284,59290.56198,0,20492.20363,28991.14627,30113.67819,823739.0228,Oct-23,Lemi Kura,0,0
Nov-23,Lemi Kura,27.04095299,0.003926807,0.003921901,0.00392763,1038.302631,477004.7303,1077463.223,4,1712173.996,0,33145748.59,0,1762514.674,50492.57284,59290.56198,0,20492.20363,28991.14627,30113.67819,823739.0228,Nov-23,Lemi Kura,0,0
Dec-23,Lemi Kura,27.00725684,0.004946981,0.004951773,0.004982249,1273.20861,477004.7303,1077463.223,4,1712173.996,0,33145748.59,0,1762514.674,50492.57284,59290.56198,0,20492.20363,28991.14627,30113.67819,823739.0228,Dec-23,Lemi Kura,0,0
Jan-24,Lemi Kura,27.4169688,0.004568396,0.004565798,0.004585862,1295.95282,491759.5974,1077463.223,4,1712173.996,0,33145748.59,0,1762514.674,50492.57284,59290.56198,0,20492.20363,28991.14627,30113.67819,823739.0228,Jan-24,Lemi Kura,0,0
Feb-24,Lemi Kura,25.19757312,0.004274016,0.00428966,0.004305405,1097.361758,491759.5974,1077463.223,4,1712173.996,0,33145748.59,0,1762514.674,50492.57284,59290.56198,0,20492.20363,28991.14627,30113.67819,823739.0228,Feb-24,Lemi Kura,0,0
Mar-24,Lemi Kura,25.61309494,0.004338995,0.004349726,0.004361066,1287.845396,491759.5974,1077463.223,4,1712173.996,0,33145748.59,0,1762514.674,50492.57284,59290.56198,0,20492.20363,28991.14627,30113.67819,823739.0228,Mar-24,Lemi Kura,0,0
Apr-24,Lemi Kura,20.90389537,0.004669756,0.004550254,0.004564004,1230.298326,491759.5974,1077463.223,4,1712173.996,0,33145748.59,0,1762514.674,50492.57284,59290.56198,0,20492.20363,28991.14627,30113.67819,823739.0228,Apr-24,Lemi Kura,0,0
May-24,Lemi Kura,26.18886081,0.004405081,0.004455645,0.004469254,1187.753738,491759.5974,1077463.223,4,1712173.996,0,33145748.59,0,1762514.674,50492.57284,59290.56198,0,20492.20363,28991.14627,30113.67819,823739.0228,May-24,Lemi Kura,0,0
Jun-24,Lemi Kura,23.95883525,0.004727717,0.00471956,0.004738549,1346.149836,491759.5974,1077463.223,4,1712173.996,0,33145748.59,0,1762514.674,50492.57284,59290.56198,0,20492.20363,28991.14627,30113.67819,823739.0228,Jun-24,Lemi Kura,0,0
Jul-24,Lemi Kura,18.69484349,0.004861577,0.004858611,0.004873935,1503.852303,491759.5974,1077463.223,4,1712173.996,0,33145748.59,0,1762514.674,50492.57284,59290.56198,0,20492.20363,28991.14627,30113.67819,823739.0228,Jul-24,Lemi Kura,0,0
Aug-24,Lemi Kura,19.9132307,0.004396855,0.004457948,0.004459175,1466.914971,491759.5974,1077463.223,4,1712173.996,0,33145748.59,0,1762514.674,50492.57284,59290.56198,0,20492.20363,28991.14627,30113.67819,823739.0228,Aug-24,Lemi Kura,0,0
Sep-24,Lemi Kura,23.78997789,0.003469244,0.003509431,0.00351271,1543.894151,491759.5974,1077463.223,4,1712173.996,0,33145748.59,0,1762514.674,50492.57284,59290.56198,0,20492.20363,28991.14627,30113.67819,823739.0228,Sep-24,Lemi Kura,0,0
Oct-24,Lemi Kura,22.25015951,0.003333525,0.003328808,0.003333224,1378.789066,491759.5974,1077463.223,4,1712173.996,0,33145748.59,0,1762514.674,50492.57284,59290.56198,0,20492.20363,28991.14627,30113.67819,823739.0228,Oct-24,Lemi Kura,0,0
Nov-24,Lemi Kura,25.2569686,0.004011504,0.00399083,0.004005148,1888.678173,491759.5974,1077463.223,4,1712173.996,0,33145748.59,0,1762514.674,50492.57284,59290.56198,0,20492.20363,28991.14627,30113.67819,823739.0228,Nov-24,Lemi Kura,0,0
Dec-24,Lemi Kura,26.38125481,0.00491127,0.00486809,0.004911167,1743.3325,491759.5974,1077463.223,4,1712173.996,0,33145748.59,0,1762514.674,50492.57284,59290.56198,0,20492.20363,28991.14627,30113.67819,823739.0228,Dec-24,Lemi Kura,0,0
Jan-23,Lideta,29.1772093,0.000807627,0.000814991,0.000815814,538.2055606,149520.5723,238256.1114,21,127401.4117,490441.6809,5697785.466,641539.5422,3.270979477,0,45984.51644,0,0,13274.69944,8543.116371,143381.5682,Jan-23,Lideta,0,0
Feb-23,Lideta,33.29199879,0.000860303,0.000856375,0.000855072,499.5629451,149520.5723,238256.1114,21,127401.4117,490441.6809,5697785.466,641539.5422,3.270979477,0,45984.51644,0,0,13274.69944,8543.116371,143381.5682,Feb-23,Lideta,0,0
Mar-23,Lideta,24.00685749,0.000729243,0.000739971,0.000737869,345.4787433,149520.5723,238256.1114,21,127401.4117,490441.6809,5697785.466,641539.5422,3.270979477,0,45984.51644,0,0,13274.69944,8543.116371,143381.5682,Mar-23,Lideta,0,0
Apr-23,Lideta,26.54761824,0.00066812,0.000657559,0.000656093,340.8317369,149520.5723,238256.1114,21,127401.4117,490441.6809,5697785.466,641539.5422,3.270979477,0,45984.51644,0,0,13274.69944,8543.116371,143381.5682,Apr-23,Lideta,0,0
May-23,Lideta,25.0235659,0.000688048,0.000692131,0.000688109,286.4790673,149520.5723,238256.1114,21,127401.4117,490441.6809,5697785.466,641539.5422,3.270979477,0,45984.51644,0,0,13274.69944,8543.116371,143381.5682,May-23,Lideta,0,0
Jun-23,Lideta,24.52948019,0.000715236,0.000710899,0.000708538,310.6456414,149520.5723,238256.1114,21,127401.4117,490441.6809,5697785.466,641539.5422,3.270979477,0,45984.51644,0,0,13274.69944,8543.116371,143381.5682,Jun-23,Lideta,0,0
Jul-23,Lideta,19.53487564,0.000631999,0.000651004,0.000649294,272.9849467,149520.5723,238256.1114,21,127401.4117,490441.6809,5697785.466,641539.5422,3.270979477,0,45984.51644,0,0,13274.69944,8543.116371,143381.5682,Jul-23,Lideta,2514548.854,136832792.1
Aug-23,Lideta,24.1391553,0.000719704,0.000691181,0.000689063,279.5056891,149520.5723,238256.1114,21,127401.4117,490441.6809,5697785.466,641539.5422,3.270979477,0,45984.51644,0,0,13274.69944,8543.116371,143381.5682,Aug-23,Lideta,2162006.463,119157547.8
Sep-23,Lideta,26.16950621,0.00052054,0.000535723,0.000539857,333.30399,149520.5723,238256.1114,21,127401.4117,490441.6809,5697785.466,641539.5422,3.270979477,0,45984.51644,0,0,13274.69944,8543.116371,143381.5682,Sep-23,Lideta,1689190.326,93253302.73
Oct-23,Lideta,28.10760242,0.000575247,0.000571696,0.000572274,339.6174169,149520.5723,238256.1114,21,127401.4117,490441.6809,5697785.466,641539.5422,3.270979477,0,45984.51644,0,0,13274.69944,8543.116371,143381.5682,Oct-23,Lideta,1894497.541,106295694.9
Nov-23,Lideta,29.7908269,0.000703951,0.000697592,0.000695115,423.5321621,149520.5723,238256.1114,21,127401.4117,490441.6809,5697785.466,641539.5422,3.270979477,0,45984.51644,0,0,13274.69944,8543.116371,143381.5682,Nov-23,Lideta,1752620.914,97595551.52
Dec-23,Lideta,28.41613754,0.001022511,0.001023694,0.001021012,544.1397546,149520.5723,238256.1114,21,127401.4117,490441.6809,5697785.466,641539.5422,3.270979477,0,45984.51644,0,0,13274.69944,8543.116371,143381.5682,Dec-23,Lideta,1856105.369,104811416.2
Jan-24,Lideta,27.8711552,0.000937249,0.000934839,0.000930475,579.9442396,150432.6338,238256.1114,21,127401.4117,490441.6809,5697785.466,641539.5422,3.270979477,0,45984.51644,0,0,13274.69944,8543.116371,143381.5682,Jan-24,Lideta,0,0
Feb-24,Lideta,26.07102628,0.000800284,0.000803452,0.000799399,585.2362719,150432.6338,238256.1114,21,127401.4117,490441.6809,5697785.466,641539.5422,3.270979477,0,45984.51644,0,0,13274.69944,8543.116371,143381.5682,Feb-24,Lideta,0,0
Mar-24,Lideta,27.03190496,0.000769793,0.000780533,0.000778643,734.8151677,150432.6338,238256.1114,21,127401.4117,490441.6809,5697785.466,641539.5422,3.270979477,0,45984.51644,0,0,13274.69944,8543.116371,143381.5682,Mar-24,Lideta,0,0
Apr-24,Lideta,22.14588757,0.000709084,0.000695191,0.000696079,549.4075211,150432.6338,238256.1114,21,127401.4117,490441.6809,5697785.466,641539.5422,3.270979477,0,45984.51644,0,0,13274.69944,8543.116371,143381.5682,Apr-24,Lideta,0,0
May-24,Lideta,27.02986374,0.000725823,0.000726155,0.000726493,498.0008724,150432.6338,238256.1114,21,127401.4117,490441.6809,5697785.466,641539.5422,3.270979477,0,45984.51644,0,0,13274.69944,8543.116371,143381.5682,May-24,Lideta,0,0
Jun-24,Lideta,24.47924622,0.000719621,0.000719163,0.000718598,640.6562458,150432.6338,238256.1114,21,127401.4117,490441.6809,5697785.466,641539.5422,3.270979477,0,45984.51644,0,0,13274.69944,8543.116371,143381.5682,Jun-24,Lideta,0,0
Jul-24,Lideta,18.70034762,0.000601589,0.000613066,0.000611698,616.0378755,150432.6338,238256.1114,21,127401.4117,490441.6809,5697785.466,641539.5422,3.270979477,0,45984.51644,0,0,13274.69944,8543.116371,143381.5682,Jul-24,Lideta,3010322.922,173879459.7
Aug-24,Lideta,21.32964724,0.000580886,0.000572305,0.000569021,517.9342379,150432.6338,238256.1114,21,127401.4117,490441.6809,5697785.466,641539.5422,3.270979477,0,45984.51644,0,0,13274.69944,8543.116371,143381.5682,Aug-24,Lideta,2584918.92,270849395.7
Sep-24,Lideta,26.07068185,0.000516723,0.000528862,0.000525412,656.448999,150432.6338,238256.1114,21,127401.4117,490441.6809,5697785.466,641539.5422,3.270979477,0,45984.51644,0,0,13274.69944,8543.116371,143381.5682,Sep-24,Lideta,2463183.186,278739956.7
Oct-24,Lideta,24.8521594,0.000559704,0.000554498,0.000552747,753.6173878,150432.6338,238256.1114,21,127401.4117,490441.6809,5697785.466,641539.5422,3.270979477,0,45984.51644,0,0,13274.69944,8543.116371,143381.5682,Oct-24,Lideta,2701329.024,324286473.5
Nov-24,Lideta,28.00811459,0.000827687,0.000821399,0.000817831,1066.441269,150432.6338,238256.1114,21,127401.4117,490441.6809,5697785.466,641539.5422,3.270979477,0,45984.51644,0,0,13274.69944,8543.116371,143381.5682,Nov-24,Lideta,2480705.11,303678250.1
Dec-24,Lideta,28.08692308,0.001134343,0.001120023,0.001114073,1077.30636,150432.6338,238256.1114,21,127401.4117,490441.6809,5697785.466,641539.5422,3.270979477,0,45984.51644,0,0,13274.69944,8543.116371,143381.5682,Dec-24,Lideta,2704488.397,343621271.3
Jan-23,Nifas Silk Lafto,29.14321162,0.003448222,0.003435547,0.003441348,1206.83,546690.8269,1020947.529,8,814229.848,0,29793604.54,10718.5228,630510.8661,0,63965.89918,0,29480.13123,6031.665236,48983.06371,730069.9504,Jan-23,Nifas Silk Lafto,0,0
Feb-23,Nifas Silk Lafto,32.99281357,0.003450389,0.003503163,0.003514484,1136.791301,546690.8269,1020947.529,8,814229.848,0,29793604.54,10718.5228,630510.8661,0,63965.89918,0,29480.13123,6031.665236,48983.06371,730069.9504,Feb-23,Nifas Silk Lafto,0,0
Mar-23,Nifas Silk Lafto,24.82795772,0.00322372,0.003225675,0.003231239,841.5517212,546690.8269,1020947.529,8,814229.848,0,29793604.54,10718.5228,630510.8661,0,63965.89918,0,29480.13123,6031.665236,48983.06371,730069.9504,Mar-23,Nifas Silk Lafto,0,0
Apr-23,Nifas Silk Lafto,27.93117659,0.003137504,0.00309681,0.003100865,987.2798787,546690.8269,1020947.529,8,814229.848,0,29793604.54,10718.5228,630510.8661,0,63965.89918,0,29480.13123,6031.665236,48983.06371,730069.9504,Apr-23,Nifas Silk Lafto,0,0
May-23,Nifas Silk Lafto,25.52869072,0.002988034,0.003009409,0.003012901,862.1250381,546690.8269,1020947.529,8,814229.848,0,29793604.54,10718.5228,630510.8661,0,63965.89918,0,29480.13123,6031.665236,48983.06371,730069.9504,May-23,Nifas Silk Lafto,0,0
Jun-23,Nifas Silk Lafto,25.06706937,0.003368148,0.003367326,0.003369822,822.0404188,546690.8269,1020947.529,8,814229.848,0,29793604.54,10718.5228,630510.8661,0,63965.89918,0,29480.13123,6031.665236,48983.06371,730069.9504,Jun-23,Nifas Silk Lafto,0,0
Jul-23,Nifas Silk Lafto,20.35457653,0.003016275,0.003106331,0.003108837,795.5124529,546690.8269,1020947.529,8,814229.848,0,29793604.54,10718.5228,630510.8661,0,63965.89918,0,29480.13123,6031.665236,48983.06371,730069.9504,Jul-23,Nifas Silk Lafto,12044372.38,655411844.5
Aug-23,Nifas Silk Lafto,23.08525985,0.002928825,0.002804636,0.00281481,944.0669615,546690.8269,1020947.529,8,814229.848,0,29793604.54,10718.5228,630510.8661,0,63965.89918,0,29480.13123,6031.665236,48983.06371,730069.9504,Aug-23,Nifas Silk Lafto,10355738.72,570749649.8
Sep-23,Nifas Silk Lafto,25.4404688,0.002474463,0.002525265,0.002529669,895.5751525,546690.8269,1020947.529,8,814229.848,0,29793604.54,10718.5228,630510.8661,0,63965.89918,0,29480.13123,6031.665236,48983.06371,730069.9504,Sep-23,Nifas Silk Lafto,8091008.96,446671577.8
Oct-23,Nifas Silk Lafto,28.0538574,0.002726822,0.002718224,0.002722124,1016.415669,546690.8269,1020947.529,8,814229.848,0,29793604.54,10718.5228,630510.8661,0,63965.89918,0,29480.13123,6031.665236,48983.06371,730069.9504,Oct-23,Nifas Silk Lafto,9074404.67,509142994.1
Nov-23,Nifas Silk Lafto,28.53100711,0.003037637,0.002981383,0.002989603,1037.001237,546690.8269,1020947.529,8,814229.848,0,29793604.54,10718.5228,630510.8661,0,63965.89918,0,29480.13123,6031.665236,48983.06371,730069.9504,Nov-23,Nifas Silk Lafto,8394833.492,467470402.7
Dec-23,Nifas Silk Lafto,27.99587243,0.004056192,0.004106973,0.004120677,1311.792695,546690.8269,1020947.529,8,814229.848,0,29793604.54,10718.5228,630510.8661,0,63965.89918,0,29480.13123,6031.665236,48983.06371,730069.9504,Dec-23,Nifas Silk Lafto,8890510.999,502033485.7
Jan-24,Nifas Silk Lafto,27.83511658,0.00359023,0.003575407,0.003591712,1341.115078,560603.6498,1020947.529,8,814229.848,0,29793604.54,10718.5228,630510.8661,0,63965.89918,0,29480.13123,6031.665236,48983.06371,730069.9504,Jan-24,Nifas Silk Lafto,0,0
Feb-24,Nifas Silk Lafto,26.32673727,0.003391766,0.003387145,0.003395234,1100.119413,560603.6498,1020947.529,8,814229.848,0,29793604.54,10718.5228,630510.8661,0,63965.89918,0,29480.13123,6031.665236,48983.06371,730069.9504,Feb-24,Nifas Silk Lafto,0,0
Mar-24,Nifas Silk Lafto,26.44995165,0.003188688,0.00321643,0.003225388,1310.618252,560603.6498,1020947.529,8,814229.848,0,29793604.54,10718.5228,630510.8661,0,63965.89918,0,29480.13123,6031.665236,48983.06371,730069.9504,Mar-24,Nifas Silk Lafto,0,0
Apr-24,Nifas Silk Lafto,23.26125395,0.003154904,0.00308186,0.003087599,1282.122997,560603.6498,1020947.529,8,814229.848,0,29793604.54,10718.5228,630510.8661,0,63965.89918,0,29480.13123,6031.665236,48983.06371,730069.9504,Apr-24,Nifas Silk Lafto,0,0
May-24,Nifas Silk Lafto,28.06593115,0.003320977,0.003341411,0.003343793,1141.769239,560603.6498,1020947.529,8,814229.848,0,29793604.54,10718.5228,630510.8661,0,63965.89918,0,29480.13123,6031.665236,48983.06371,730069.9504,May-24,Nifas Silk Lafto,0,0
Jun-24,Nifas Silk Lafto,25.8351337,0.003317737,0.003331756,0.003330134,1426.043562,560603.6498,1020947.529,8,814229.848,0,29793604.54,10718.5228,630510.8661,0,63965.89918,0,29480.13123,6031.665236,48983.06371,730069.9504,Jun-24,Nifas Silk Lafto,0,0
Jul-24,Nifas Silk Lafto,20.11248276,0.002875634,0.002915379,0.002918523,1567.104545,560603.6498,1020947.529,8,814229.848,0,29793604.54,10718.5228,630510.8661,0,63965.89918,0,29480.13123,6031.665236,48983.06371,730069.9504,Jul-24,Nifas Silk Lafto,14419067.74,832860717.3
Aug-24,Nifas Silk Lafto,22.54650896,0.002538019,0.002514229,0.0025192,1361.336113,560603.6498,1020947.529,8,814229.848,0,29793604.54,10718.5228,630510.8661,0,63965.89918,0,29480.13123,6031.665236,48983.06371,730069.9504,Aug-24,Nifas Silk Lafto,12381436.14,1297334500
Sep-24,Nifas Silk Lafto,25.9804385,0.002372376,0.002403086,0.002406933,1342.672551,560603.6498,1020947.529,8,814229.848,0,29793604.54,10718.5228,630510.8661,0,63965.89918,0,29480.13123,6031.665236,48983.06371,730069.9504,Sep-24,Nifas Silk Lafto,11798337.3,1335129294
Oct-24,Nifas Silk Lafto,25.03791873,0.002512173,0.002499176,0.002499885,1527.727758,560603.6498,1020947.529,8,814229.848,0,29793604.54,10718.5228,630510.8661,0,63965.89918,0,29480.13123,6031.665236,48983.06371,730069.9504,Oct-24,Nifas Silk Lafto,12939025.88,1553291375
Nov-24,Nifas Silk Lafto,26.84790592,0.00330404,0.003274755,0.003278923,1818.850398,560603.6498,1020947.529,8,814229.848,0,29793604.54,10718.5228,630510.8661,0,63965.89918,0,29480.13123,6031.665236,48983.06371,730069.9504,Nov-24,Nifas Silk Lafto,11882265.11,1454580579
Dec-24,Nifas Silk Lafto,27.52055287,0.004498078,0.004454513,0.004466417,1674.500128,560603.6498,1020947.529,8,814229.848,0,29793604.54,10718.5228,630510.8661,0,63965.89918,0,29480.13123,6031.665236,48983.06371,730069.9504,Dec-24,Nifas Silk Lafto,12954158.88,1645902621
Jan-23,Yeka,25.43066719,0.003145877,0.003163188,0.003167536,655.6187752,411173.464,629507.8244,8,6820.175402,22872.03553,19262047.91,0,39209.08001,120688.5704,32713.71023,0,0,51329.66062,19115.57413,406901.7869,Jan-23,Yeka,0,0
Feb-23,Yeka,29.5370466,0.003292208,0.003284597,0.003291911,672.5883472,411173.464,629507.8244,8,6820.175402,22872.03553,19262047.91,0,39209.08001,120688.5704,32713.71023,0,0,51329.66062,19115.57413,406901.7869,Feb-23,Yeka,0,0
Mar-23,Yeka,21.60137815,0.003102919,0.003138102,0.003144155,517.1025702,411173.464,629507.8244,8,6820.175402,22872.03553,19262047.91,0,39209.08001,120688.5704,32713.71023,0,0,51329.66062,19115.57413,406901.7869,Mar-23,Yeka,0,0
Apr-23,Yeka,23.98264384,0.002833957,0.002819414,0.00282228,557.4269628,411173.464,629507.8244,8,6820.175402,22872.03553,19262047.91,0,39209.08001,120688.5704,32713.71023,0,0,51329.66062,19115.57413,406901.7869,Apr-23,Yeka,0,0
May-23,Yeka,21.4117857,0.003111955,0.003085888,0.003087458,657.9201448,411173.464,629507.8244,8,6820.175402,22872.03553,19262047.91,0,39209.08001,120688.5704,32713.71023,0,0,51329.66062,19115.57413,406901.7869,May-23,Yeka,0,0
Jun-23,Yeka,21.60968511,0.003128673,0.003119787,0.003125071,648.249573,411173.464,629507.8244,8,6820.175402,22872.03553,19262047.91,0,39209.08001,120688.5704,32713.71023,0,0,51329.66062,19115.57413,406901.7869,Jun-23,Yeka,0,0
Jul-23,Yeka,18.87222355,0.003068923,0.003129744,0.003131994,498.6430404,411173.464,629507.8244,8,6820.175402,22872.03553,19262047.91,0,39209.08001,120688.5704,32713.71023,0,0,51329.66062,19115.57413,406901.7869,Jul-23,Yeka,4538984.959,246995394.2
Aug-23,Yeka,21.07285926,0.00290408,0.002829357,0.002836825,589.1721721,411173.464,629507.8244,8,6820.175402,22872.03553,19262047.91,0,39209.08001,120688.5704,32713.71023,0,0,51329.66062,19115.57413,406901.7869,Aug-23,Yeka,3902614.499,215090001.6
Sep-23,Yeka,23.22155122,0.00252323,0.002572362,0.002573445,635.8007861,411173.464,629507.8244,8,6820.175402,22872.03553,19262047.91,0,39209.08001,120688.5704,32713.71023,0,0,51329.66062,19115.57413,406901.7869,Sep-23,Yeka,3049139.2,168330528.9
Oct-23,Yeka,24.72042117,0.002466972,0.002448862,0.002449397,662.4430599,411173.464,629507.8244,8,6820.175402,22872.03553,19262047.91,0,39209.08001,120688.5704,32713.71023,0,0,51329.66062,19115.57413,406901.7869,Oct-23,Yeka,3419737.036,191873210.1
Nov-23,Yeka,25.56534804,0.002820031,0.002813293,0.002817595,583.54559,411173.464,629507.8244,8,6820.175402,22872.03553,19262047.91,0,39209.08001,120688.5704,32713.71023,0,0,51329.66062,19115.57413,406901.7869,Nov-23,Yeka,3163637.07,176168675.2
Dec-23,Yeka,24.559484,0.00395863,0.003972655,0.003975327,738.8326447,411173.464,629507.8244,8,6820.175402,22872.03553,19262047.91,0,39209.08001,120688.5704,32713.71023,0,0,51329.66062,19115.57413,406901.7869,Dec-23,Yeka,3350435.74,189193954.5
Jan-24,Yeka,24.64742947,0.003718568,0.003701543,0.00371013,832.8533763,420225.3051,629507.8244,8,6820.175402,22872.03553,19262047.91,0,39209.08001,120688.5704,32713.71023,0,0,51329.66062,19115.57413,406901.7869,Jan-24,Yeka,0,0
Feb-24,Yeka,22.9076278,0.003109971,0.003137228,0.003136888,711.0891176,420225.3051,629507.8244,8,6820.175402,22872.03553,19262047.91,0,39209.08001,120688.5704,32713.71023,0,0,51329.66062,19115.57413,406901.7869,Feb-24,Yeka,0,0
Mar-24,Yeka,23.75438406,0.003135715,0.003130554,0.003136963,830.7614224,420225.3051,629507.8244,8,6820.175402,22872.03553,19262047.91,0,39209.08001,120688.5704,32713.71023,0,0,51329.66062,19115.57413,406901.7869,Mar-24,Yeka,0,0
Apr-24,Yeka,19.53226914,0.003121943,0.003031419,0.003036061,733.299092,420225.3051,629507.8244,8,6820.175402,22872.03553,19262047.91,0,39209.08001,120688.5704,32713.71023,0,0,51329.66062,19115.57413,406901.7869,Apr-24,Yeka,0,0
May-24,Yeka,23.68913803,0.003104133,0.003159659,0.003164873,713.4434295,420225.3051,629507.8244,8,6820.175402,22872.03553,19262047.91,0,39209.08001,120688.5704,32713.71023,0,0,51329.66062,19115.57413,406901.7869,May-24,Yeka,0,0
Jun-24,Yeka,21.5755857,0.003202776,0.003192597,0.00319205,817.0240775,420225.3051,629507.8244,8,6820.175402,22872.03553,19262047.91,0,39209.08001,120688.5704,32713.71023,0,0,51329.66062,19115.57413,406901.7869,Jun-24,Yeka,0,0
Jul-24,Yeka,17.27526895,0.003012284,0.003034869,0.003033639,796.459244,420225.3051,629507.8244,8,6820.175402,22872.03553,19262047.91,0,39209.08001,120688.5704,32713.71023,0,0,51329.66062,19115.57413,406901.7869,Jul-24,Yeka,5433901.37,313867933.4
Aug-24,Yeka,18.13576714,0.002808913,0.00282693,0.002824264,797.6695537,420225.3051,629507.8244,8,6820.175402,22872.03553,19262047.91,0,39209.08001,120688.5704,32713.71023,0,0,51329.66062,19115.57413,406901.7869,Aug-24,Yeka,4666009.204,488907316.8
Sep-24,Yeka,21.86099547,0.002285572,0.002317732,0.002322503,992.5904803,420225.3051,629507.8244,8,6820.175402,22872.03553,19262047.91,0,39209.08001,120688.5704,32713.71023,0,0,51329.66062,19115.57413,406901.7869,Sep-24,Yeka,4446265.348,503150483.2
Oct-24,Yeka,20.64623762,0.002321434,0.002309756,0.002311133,1188.300962,420225.3051,629507.8244,8,6820.175402,22872.03553,19262047.91,0,39209.08001,120688.5704,32713.71023,0,0,51329.66062,19115.57413,406901.7869,Oct-24,Yeka,4876139.826,585366008.5
Nov-24,Yeka,23.74197975,0.003039833,0.003030884,0.003040723,1251.845995,420225.3051,629507.8244,8,6820.175402,22872.03553,19262047.91,0,39209.08001,120688.5704,32713.71023,0,0,51329.66062,19115.57413,406901.7869,Nov-24,Yeka,4477893.983,548166327.1
Dec-24,Yeka,24.25900285,0.00412914,0.004070822,0.004079653,1154.596598,420225.3051,629507.8244,8,6820.175402,22872.03553,19262047.91,0,39209.08001,120688.5704,32713.71023,0,0,51329.66062,19115.57413,406901.7869,Dec-24,Yeka,4881842.775,620267043
